[{"model": "examenes.carrera", "pk": 1, "fields": {"nombre": "Psicología"}}, {"model": "examenes.curso", "pk": 1, "fields": {"nombre": "Tercero", "carrera": 1}}, {"model": "examenes.curso", "pk": 2, "fields": {"nombre": "Cuarto", "carrera": 1}}, {"model": "examenes.asignatura", "pk": 1, "fields": {"nombre": "Comunitaria", "curso": 1}}, {"model": "examenes.asignatura", "pk": 2, "fields": {"nombre": "Evaluación e intervención en las dificultades", "curso": 2}}, {"model": "examenes.asignatura", "pk": 3, "fields": {"nombre": "Proyectos de Intervención Psicosocial", "curso": 2}}, {"model": "examenes.tema", "pk": 1, "fields": {"asignatura": 1, "nombre": "Tema 1 - Comm"}}, {"model": "examenes.tema", "pk": 2, "fields": {"asignatura": 2, "nombre": "Tema 1 - EID"}}, {"model": "examenes.tema", "pk": 3, "fields": {"asignatura": 3, "nombre": "Tema 1 - PIPS"}}, {"model": "examenes.tema", "pk": 4, "fields": {"asignatura": 1, "nombre": "Tema 2 - Comm"}}, {"model": "examenes.tema", "pk": 5, "fields": {"asignatura": 1, "nombre": "Tema 3 - Comm"}}, {"model": "examenes.tema", "pk": 6, "fields": {"asignatura": 1, "nombre": "Tema 4 - Comm"}}, {"model": "examenes.tema", "pk": 7, "fields": {"asignatura": 1, "nombre": "Tema 5 - Comm"}}, {"model": "examenes.tema", "pk": 8, "fields": {"asignatura": 1, "nombre": "Tema 6 - Comm"}}, {"model": "examenes.pregunta", "pk": 1, "fields": {"tema": 1, "texto": "Las familias aglutinadas tienen límites _______ entre los distintos subsistemas \n(parental, filial, etc.) que la componen."}}, {"model": "examenes.pregunta", "pk": 2, "fields": {"tema": 1, "texto": "El ser humano es un sistema abierto. Para su desarrollo recibe de su medio \nfísico______y de su medio social_______"}}, {"model": "examenes.pregunta", "pk": 3, "fields": {"tema": 1, "texto": "El modelo de estrés psicosocial de B. Dohrenwend postula que:"}}, {"model": "examenes.pregunta", "pk": 4, "fields": {"tema": 1, "texto": "El comportamiento comunitario está sometido a una doble tensión provocada \npor:"}}, {"model": "examenes.pregunta", "pk": 5, "fields": {"tema": 1, "texto": "¿Cuál de las siguientes, es una manifestación de la etapa psicogrupal del \nregulador? "}}, {"model": "examenes.pregunta", "pk": 6, "fields": {"tema": 1, "texto": "Para la teoría de la Acción Razonada de Fishbein y Ajzen, la motivación para \nacomodarse es:"}}, {"model": "examenes.pregunta", "pk": 7, "fields": {"tema": 1, "texto": "La finalidad de un sistema que interacciona grupalmente es conseguir"}}, {"model": "examenes.pregunta", "pk": 8, "fields": {"tema": 1, "texto": "El modelo de estrés psicosocial de B. Dohrenwend postula que:"}}, {"model": "examenes.pregunta", "pk": 9, "fields": {"tema": 1, "texto": "La forma de actuación del apoyo social por la cual se fomenta la salud y el \nbienestar se denomina:"}}, {"model": "examenes.pregunta", "pk": 10, "fields": {"tema": 1, "texto": "Desde una perspectiva multinivel la potenciación:"}}, {"model": "examenes.pregunta", "pk": 11, "fields": {"tema": 1, "texto": "El hecho de que en un determinado grupo de adolescentes se apruebe y valore \nel abandono escolar constituye un obstáculo para acceder a los derechos sociales \n(en este caso el derecho a la educación) ¿Donde se localiza este obstáculo?"}}, {"model": "examenes.pregunta", "pk": 12, "fields": {"tema": 1, "texto": "La manera en que actúa el apoyo social ante situaciones de estrés se denomina:"}}, {"model": "examenes.pregunta", "pk": 13, "fields": {"tema": 1, "texto": "Una adolescente pide a sus padres poder llegar más tarde a casa cuando sale el \nfin de semana con sus amigos. Los padres razonan con su hija que todavía no tiene \nedad suficiente para volver tan tarde a casa, y que más adelante lo pueden \nconsiderar. En este caso, el subsistema parental constituye un \nsubsistema______________del sistema familiar."}}, {"model": "examenes.pregunta", "pk": 14, "fields": {"tema": 1, "texto": "El procedimiento de investigación análisis de redes sociales."}}, {"model": "examenes.pregunta", "pk": 15, "fields": {"tema": 1, "texto": "Intervención psicosocial en el nivel de las entidades. Cuando se trabaja con el \necosistema, el objetivo es:"}}, {"model": "examenes.pregunta", "pk": 16, "fields": {"tema": 1, "texto": "Es necesario identificar factores e individuos que favorecen la aparición y \nmantenimiento de un problema en:"}}, {"model": "examenes.pregunta", "pk": 17, "fields": {"tema": 1, "texto": "El cuasiexperimento:"}}, {"model": "examenes.pregunta", "pk": 18, "fields": {"tema": 1, "texto": "El comportamiento__________podemos observarlo en el comportamiento de la \nsolidaridad, de la fiesta, de la reivindicación, etc…"}}, {"model": "examenes.pregunta", "pk": 19, "fields": {"tema": 1, "texto": "Se entrena a un líder para que se encargue de entrenar a nuevos miembros"}}, {"model": "examenes.pregunta", "pk": 20, "fields": {"tema": 1, "texto": "Son medidas de intervalo de tiempo regulares:"}}, {"model": "examenes.pregunta", "pk": 21, "fields": {"tema": 1, "texto": "Trabajo, protección, jubilación y sindicación son:"}}, {"model": "examenes.pregunta", "pk": 22, "fields": {"tema": 1, "texto": "La psicología social estudia el"}}, {"model": "examenes.pregunta", "pk": 23, "fields": {"tema": 1, "texto": "la incidencia examina:"}}, {"model": "examenes.pregunta", "pk": 24, "fields": {"tema": 1, "texto": "Las estrategias de investigación comunitaria que conllevan un mayor grado de \ncontrol sobre el fenómeno de estudio son:"}}, {"model": "examenes.pregunta", "pk": 25, "fields": {"tema": 1, "texto": "Las actuaciones que propone el profesional para resolver un problema social \nconforman."}}, {"model": "examenes.pregunta", "pk": 26, "fields": {"tema": 1, "texto": "Niveles de la Intervención Psicosocial. Identifica los tres planos en los que \npuede trabajar un psicólogo de la intervención psicosocial en las empresas (nivel \nentidad)"}}, {"model": "examenes.pregunta", "pk": 27, "fields": {"tema": 1, "texto": "El botellón"}}, {"model": "examenes.pregunta", "pk": 28, "fields": {"tema": 1, "texto": "La base del método de diagnóstico psicosocial es:"}}, {"model": "examenes.pregunta", "pk": 29, "fields": {"tema": 1, "texto": "En la IAP"}}, {"model": "examenes.pregunta", "pk": 30, "fields": {"tema": 1, "texto": "La meta de la IAP es:"}}, {"model": "examenes.pregunta", "pk": 31, "fields": {"tema": 1, "texto": "El número de casos totales en un momento dado es una medida de "}}, {"model": "examenes.pregunta", "pk": 32, "fields": {"tema": 1, "texto": "Cuando se analiza la configuración de significaciones o valores que comparten \npadres, profesores y amigos."}}, {"model": "examenes.pregunta", "pk": 33, "fields": {"tema": 1, "texto": "El objetivo del modelo psicoclinico es:"}}, {"model": "examenes.pregunta", "pk": 34, "fields": {"tema": 1, "texto": "Encontramos altos niveles de entropía en:"}}, {"model": "examenes.pregunta", "pk": 35, "fields": {"tema": 1, "texto": "Entre los componentes básicos del empowerment cabe citar:"}}, {"model": "examenes.pregunta", "pk": 36, "fields": {"tema": 1, "texto": "La fase del proyecto de intervención que explora la naturaleza del emergente \nes:"}}, {"model": "examenes.pregunta", "pk": 37, "fields": {"tema": 1, "texto": "El resultado de la IAP depende de:"}}, {"model": "examenes.pregunta", "pk": 38, "fields": {"tema": 1, "texto": "La______________ del sistema justifica la existencia de dicho sistema."}}, {"model": "examenes.pregunta", "pk": 39, "fields": {"tema": 1, "texto": "Entre los presupuestos del empowerment que señala Rappaport podemos \nencontrar:"}}, {"model": "examenes.pregunta", "pk": 40, "fields": {"tema": 1, "texto": "En la IAP"}}, {"model": "examenes.pregunta", "pk": 41, "fields": {"tema": 1, "texto": "Los valores del investigador en la intervención comunitaria:"}}, {"model": "examenes.pregunta", "pk": 42, "fields": {"tema": 1, "texto": "la epidemiologia analitica nos permite"}}, {"model": "examenes.pregunta", "pk": 43, "fields": {"tema": 1, "texto": "El conjunto de elementos interdependientes que interaccionan mutuamente para alcanzar una finalidad es el"}}, {"model": "examenes.pregunta", "pk": 44, "fields": {"tema": 1, "texto": "Son modelos teoricos analiticos los siguientes:"}}, {"model": "examenes.pregunta", "pk": 45, "fields": {"tema": 1, "texto": "Que te comportes de modo diferente cuando estás en distintos escenarios (por \nejemplo, en casa con tu familia, de fiesta con tus amigos, o haciendo un trabajo en \ngrupo con compañeros en la universidad) se debe al plano _________ del \ncomportamiento."}}, {"model": "examenes.pregunta", "pk": 46, "fields": {"tema": 1, "texto": "Explicar la conducta agresiva en función de las características de la estructura \nsocial en la que viven las personas es propio de la perspectiva:"}}, {"model": "examenes.pregunta", "pk": 47, "fields": {"tema": 1, "texto": "Cuando abordamos un caso desde el encuadre psicosocial es necesario \ntrabajar"}}, {"model": "examenes.pregunta", "pk": 48, "fields": {"tema": 1, "texto": "Los sistemas no humanos funcionan a partir de la obtienen del medio en el que \nse encuentran:"}}, {"model": "examenes.pregunta", "pk": 49, "fields": {"tema": 1, "texto": "De las tres dimensiones que presentan los problemas sociales, el psicólogo, por \nsu formación, es el profesional más adecuado para intervenir en:"}}, {"model": "examenes.pregunta", "pk": 50, "fields": {"tema": 1, "texto": "Los sistemas funcionan siguiendo la dirección que les propone:"}}, {"model": "examenes.pregunta", "pk": 51, "fields": {"tema": 1, "texto": "Intervenir para que en un centro escolar se establezcan y mantengan las \nrelaciones y la comunicación entre profesores, alumnos, conserjes, administrativos, \npadres, etc., es un objetivo de la intervención psicosocial en el nivel de:"}}, {"model": "examenes.pregunta", "pk": 52, "fields": {"tema": 1, "texto": "Si un alumno de 3º de la ESO falta frecuentemente a clase y por ese \ncomportamiento recibe la aprobación de sus amigos, en este caso el regulador de \ndicho alumno se está construyendo a partir de la influencia que recibe:"}}, {"model": "examenes.pregunta", "pk": 53, "fields": {"tema": 1, "texto": "Si el regulador de los padres actúa constantemente desde el \"yo psicofamiliar\", \nel psiquismo de los hijos se estructura en la etapa:"}}, {"model": "examenes.pregunta", "pk": 54, "fields": {"tema": 1, "texto": "Organizar el proceso de producción de una empresa, de forma que se limiten \nlos comportamientos del trabajador a la realización de tareas seguras es ejemplo \nde una intervención riesgos laborales"}}, {"model": "examenes.pregunta", "pk": 55, "fields": {"tema": 1, "texto": "La Intervención ____  está dirigida a modificar la posición cognitiva que \nmantiene el comportamiento problemático"}}, {"model": "examenes.pregunta", "pk": 56, "fields": {"tema": 1, "texto": "La Intervención ____ toma como eje de actuación las condiciones particulares:"}}, {"model": "examenes.pregunta", "pk": 57, "fields": {"tema": 1, "texto": "Una intervención en una residencia de mayores, de cara a cambiar las normas \nde visitas y de elección de actividades por parte de los residentes, la podríamos \nencuadrar dentro de qué modelo?"}}, {"model": "examenes.pregunta", "pk": 58, "fields": {"tema": 1, "texto": "Según el modelo de competencia uno de los subobjetivos dentro del objetivo \nmás general de desarrollo de sistemas comunitarios competentes es:"}}, {"model": "examenes.pregunta", "pk": 59, "fields": {"tema": 1, "texto": "Pacientes, médicos, celadores, enfermeros, familiares de los pacientes, etc.. \nforman_________ de un hospital."}}, {"model": "examenes.pregunta", "pk": 60, "fields": {"tema": 1, "texto": "Las necesidades definidas a partir del juicio de expertos se denominan."}}, {"model": "examenes.pregunta", "pk": 61, "fields": {"tema": 1, "texto": "Las numerosas compras que realizamos en Navidad son un ejemplo de \nuna________ que favorece el problema del consumismo:"}}, {"model": "examenes.pregunta", "pk": 62, "fields": {"tema": 4, "texto": "Cuando se afirma que los programas de intervención deben ser interactivos ¿a \r\nqué nos referimos?"}}, {"model": "examenes.pregunta", "pk": 63, "fields": {"tema": 4, "texto": "La evaluación que tiene por objetivo averiguar y describir cómo funciona el \r\nprograma y ver hasta qué punto el funcionamiento real se parece o no al previsto \r\nse conoce con el nombre de evaluación de la:"}}, {"model": "examenes.pregunta", "pk": 64, "fields": {"tema": 7, "texto": "Si consideramos que el barrio es un sistema, entonces las familias que habitan \r\nen ese barrio pueden ser consideradas como"}}, {"model": "examenes.pregunta", "pk": 65, "fields": {"tema": 7, "texto": "¿Cuál/es de los siguientes tipos de evaluación se corresponde con una \r\nevaluación económica?"}}, {"model": "examenes.pregunta", "pk": 66, "fields": {"tema": 7, "texto": "El \"saber\" del profesional, sus conocimientos técnicos sobre el problema que \r\nafecta a la(s) persona(s) que atiende dicho profesional, son la base del encuadre de \r\ntrabajo del modelo:"}}, {"model": "examenes.pregunta", "pk": 67, "fields": {"tema": 7, "texto": "Las posibles barreras (físicas y psíquicas) que explican la no accesibilidad a un \r\nprograma de intervención comunitaria se relacionan con la evaluación de:"}}, {"model": "examenes.pregunta", "pk": 68, "fields": {"tema": 6, "texto": "Si consideramos que una familia es un sistema, la pareja es un ________  __________ de dicho \r\nsistema:"}}, {"model": "examenes.pregunta", "pk": 69, "fields": {"tema": 6, "texto": "Las rutinas defensivas impiden dialogar y discutir de manera productiva en los grupos. Para vencer estas resistencias podemos utilizar _________ que nos permite interaccionar directamente con los demás mediante la pregunta, no a través de los intentos de persuadirlo"}}, {"model": "examenes.pregunta", "pk": 70, "fields": {"tema": 6, "texto": "Desde una perspectiva epistemológica en el modelo de empowerment el rol del \r\nprofesional se ajusta a:"}}, {"model": "examenes.pregunta", "pk": 71, "fields": {"tema": 6, "texto": "Un elevado número de llamadas al Teléfono de la esperanza puede ser un indicador de la existencia de una necesidad ¿de qué tipo?"}}, {"model": "examenes.pregunta", "pk": 72, "fields": {"tema": 6, "texto": "El estudio de la multiplicidad de los vínculos, la reciprocidad, o las variables \r\ntemporales se corresponde con uno de los siguientes niveles de análisis de las \r\nrelaciones sociales."}}, {"model": "examenes.pregunta", "pk": 73, "fields": {"tema": 5, "texto": "Las posibilidades de intervención según el modelo de estrés psicosocial, se basan en:"}}, {"model": "examenes.pregunta", "pk": 74, "fields": {"tema": 5, "texto": "Son funciones de las redes sociales de apoyo:"}}, {"model": "examenes.pregunta", "pk": 75, "fields": {"tema": 5, "texto": "El análisis periódico de información, como el esfuerzo realizado o la \r\nproductividad por parte del personal técnico asignado a un programa de \r\nintervención, se corresponde ¿a qué tipo de evaluación?."}}, {"model": "examenes.pregunta", "pk": 76, "fields": {"tema": 4, "texto": "Entre las ideas centrales de Kurt Lewin encontramos:"}}, {"model": "examenes.pregunta", "pk": 77, "fields": {"tema": 4, "texto": "Los elementos básicos que debe contener un programa de intervención son:"}}, {"model": "examenes.pregunta", "pk": 78, "fields": {"tema": 4, "texto": "Estamos en un centro de Salud para que nos den un número para una cita \r\ncon el médico. La información que indica no sobrepasar una línea que hay en \r\nel suelo hasta que no haya llegado nuestro turno, es una intervención \r\n________ para organizar el servicio"}}, {"model": "examenes.pregunta", "pk": 79, "fields": {"tema": 4, "texto": "En la pregunta relacionada con el centro de salud ¿qué tipo de \r\ninteracción mantenemos cuando estamos en la cola para recoger el \r\nnúmero de orden para la consulta médica?"}}, {"model": "examenes.pregunta", "pk": 80, "fields": {"tema": 8, "texto": "Qué una conducta específica quede asociada a otras conductas y la \r\nprevalencia de esta agrupación conductual sea diferente en distintos \r\ncontextos sociales, permite considerar que estamos ante:"}}, {"model": "examenes.pregunta", "pk": 81, "fields": {"tema": 8, "texto": "El modelo de Fishben y Ajzen (teoría de la acción razonada), las creencias normativas de los referentes sociales es una variable:"}}, {"model": "examenes.pregunta", "pk": 82, "fields": {"tema": 8, "texto": "¿Cuál de los siguientes tipos de evaluación corresponde a una evaluación \r\nformativa?"}}, {"model": "examenes.pregunta", "pk": 83, "fields": {"tema": 8, "texto": "La intervención propuesta por Aronson para reducir el prejuicio racial y la \r\nviolencia entre los estudiantes blancos y negros en las escuelas, tras la abolición de \r\nla ley de segregación racial en los EEUU se basó en una estrategia de:"}}, {"model": "examenes.pregunta", "pk": 84, "fields": {"tema": 8, "texto": "El uso de cuasi-experimentos y experimentos de campo como \r\nmetodología de la investigación de los problemas comunitarios son \r\nestrategias ¿de qué tipo?:"}}, {"model": "examenes.pregunta", "pk": 85, "fields": {"tema": 8, "texto": "Los cambios que la incorporación de la mujer al mundo del trabajo \r\nprovocó en el funcionamiento de las familias , es un ejemplo de la influencia:"}}, {"model": "examenes.pregunta", "pk": 86, "fields": {"tema": 8, "texto": "El espacio psicosocial. La estructura socioeconómica influye \r\ndirectamente en:"}}, {"model": "examenes.pregunta", "pk": 87, "fields": {"tema": 5, "texto": "El cambio social que persigue la intervención comunitaria ¿de que \r\ntipo es?"}}, {"model": "examenes.pregunta", "pk": 88, "fields": {"tema": 5, "texto": "La forma en la que se organizan y asignan roles en la familia es un \r\nejemplo de mediador _______ en la influencia de la estructura socioeconómica en \r\nel psiquismo del sujeto:"}}, {"model": "examenes.pregunta", "pk": 89, "fields": {"tema": 2, "texto": "El desarrollo madurativo de la atención y la concentración necesario para facilitar el proceso de aprendizaje y favorecer la activación de los bloques funcionales siguientes (Luria 1973, 1980) tienes sus estructuras cerebrales en el córtex prefrontal. "}}, {"model": "examenes.pregunta", "pk": 90, "fields": {"tema": 2, "texto": "La neurogénesis hace referencia al moldeamiento de las dendritas para establecer conexiones con otras neuronas. "}}, {"model": "examenes.pregunta", "pk": 91, "fields": {"tema": 2, "texto": "El eje y plano horizontal está relacionado con la bipedestación, mientras que el eje y plano vertical medio se relaciona con la etapa de suelo. "}}, {"model": "examenes.pregunta", "pk": 92, "fields": {"tema": 2, "texto": "Entre los programas de desarrollo de habilidades visuales de tres a seis años, se proponen un conjunto de ejercicios y de juegos que favorecen el desarrollo neurofuncional que tiene relación directa con las habilidades de aprender idiomas. "}}, {"model": "examenes.pregunta", "pk": 93, "fields": {"tema": 2, "texto": "En la clase social deprivada, las familias están orientadas hacia el futuro y es más habitual el castigo como medida de disciplina. Por el contrario, en las clases media y alta existe una mayor preferencia por el presente y la disciplina está basada en premios y castigos simbólicos. "}}, {"model": "examenes.pregunta", "pk": 94, "fields": {"tema": 2, "texto": "El disfrute, frecuencia e intencionalidad de las conductas disruptivas son factores que determinan la existencia de un trastorno clínico. "}}, {"model": "examenes.pregunta", "pk": 95, "fields": {"tema": 2, "texto": "La clasificación de los trastornos del neurodesarrollo del DSM-V recoge el diagnóstico del trastorno de asperger, el síndrome de Rett y el trastorno del espectro autista. "}}, {"model": "examenes.pregunta", "pk": 96, "fields": {"tema": 2, "texto": "Según la definición de las DDAA dada por Santiuste y González-Pérez (2005), se hace una doble referencia curricular: primero a las disciplinas curriculares y después al resto de áreas instrumentales. "}}, {"model": "examenes.pregunta", "pk": 97, "fields": {"tema": 2, "texto": "El síndrome psicopático se caracteriza por desinhibición conductual, producido por una lesión en el córtex orbitofrontal."}}, {"model": "examenes.pregunta", "pk": 98, "fields": {"tema": 2, "texto": "La activación duolateral simétrica, el control del núcleo medular alto y la activación de los canales de relación con el exterior son característicos de la etapa neonato-homolateral alterna."}}, {"model": "examenes.pregunta", "pk": 99, "fields": {"tema": 2, "texto": "Las dificultades del aprendizaje están constituidas por un conjunto heterogéneo de problemas cuyo origen es, probablemente, una disfunción del sistema nervioso central."}}, {"model": "examenes.pregunta", "pk": 100, "fields": {"tema": 2, "texto": "En la discalculia ideognóstica se observa una dificultad para hacer operaciones mentales, principalmente."}}, {"model": "examenes.pregunta", "pk": 101, "fields": {"tema": 2, "texto": "La discalculia lexical se caracteriza por la dificultad para leer símbolos matemáticos, principalmente."}}, {"model": "examenes.pregunta", "pk": 102, "fields": {"tema": 2, "texto": "Santiuste y González-Pérez (2005) indican que las pruebas pedagógicas estarían en el tipo de evaluación formal de las DAM, ya que son similares a las de cualquier profesor, pero están estandarizadas y cuentan con baremos poblacionales."}}, {"model": "examenes.pregunta", "pk": 103, "fields": {"tema": 2, "texto": "Dado que una conducta determinada puede estar sustentada por múltiples sistemas funcionales (equipotencialidad) los efectos de una misma lesión cerebral pueden ser más devastadores en un niño que en un adulto."}}, {"model": "examenes.pregunta", "pk": 104, "fields": {"tema": 2, "texto": "Existe mayor probabilidad de heredar la inteligencia de la madre, ya que muchas capacidades cognitivas se ubican en el cromosoma X."}}, {"model": "examenes.pregunta", "pk": 105, "fields": {"tema": 2, "texto": "El tendido supino es un signo característico de la contralateralidad. "}}, {"model": "examenes.pregunta", "pk": 106, "fields": {"tema": 2, "texto": "En los trastornos del desarrollo, suponen problemas psicopatológicos las dificultades de aprendizaje de la lectura, la escritura y las matemáticas. "}}, {"model": "examenes.pregunta", "pk": 107, "fields": {"tema": 2, "texto": "En términos psicolingüísticos la dislexia evolutiva se relaciona con una lesión que afecta a determinados componentes del lenguaje, en función de la corteza cerebral afectada"}}, {"model": "examenes.pregunta", "pk": 108, "fields": {"tema": 2, "texto": "A Helena le diagnosticaron dislexia fonológica a los 6 años, presentando problemas principalmente de lectura de palabras irregulares y sujetas a reglas. "}}, {"model": "examenes.pregunta", "pk": 109, "fields": {"tema": 2, "texto": "La diferencia fundamental entre DDAA y trastornos del desarrollo es que este se relaciona con una alteración o discapacidad en el plano biológico, mientras en las DDAA se da en el plano orgánico. "}}, {"model": "examenes.pregunta", "pk": 110, "fields": {"tema": 2, "texto": "Estudios con resonancia magnética funcional confirman dos circuitos distintos implicados en la lectura: el ventral (fascículo fronto-occipital inferior) o giro fusiforme, para la lectura de palabras conocidas y el superior (fascículo arqueado) o giro angular, implicado en la lectura de palabras nuevas."}}, {"model": "examenes.pregunta", "pk": 111, "fields": {"tema": 2, "texto": "El reconocimiento de la palabra constituye uno de los principales déficits de la dislexia, implicando alteraciones en el acceso al procesamiento perceptivo. ???"}}, {"model": "examenes.pregunta", "pk": 112, "fields": {"tema": 2, "texto": "Rivas y Fernández (2011) conceptualizan la dislexia como un trastorno del lenguaje que se manifiesta con dificultad respecto al aprendizaje de la lectura y sus usos generales, como, por ejemplo, en la escritura"}}, {"model": "examenes.pregunta", "pk": 113, "fields": {"tema": 2, "texto": "Cometer más errores en las palabras funcionales que en las de contenido es característico de la dislexia léxica. "}}, {"model": "examenes.pregunta", "pk": 114, "fields": {"tema": 2, "texto": "En el tipo de dislexia con dificultades en la ruta léxica, los errores de regularización suponen lectura lenta, titubeo y tanteo de pronunciar la palabra esperando acertar."}}, {"model": "examenes.pregunta", "pk": 115, "fields": {"tema": 2, "texto": "Las conductas de desobediencia generan situaciones de conflicto en el aula, son tendientes a desaparecer por sí mismas con la edad y, solo cuando llegan a ser muy graves, reciben la denominación de trastorno negativista desafiante."}}, {"model": "examenes.pregunta", "pk": 116, "fields": {"tema": 2, "texto": "Los errores derivacionales son característicos de la dislexia superficial. "}}, {"model": "examenes.pregunta", "pk": 117, "fields": {"tema": 2, "texto": "El método analítico para el entrenamiento de la lectoescritura tiene como principal crítica que retrasan la adquisición de los automatismos implícitos en los niveles elementales."}}, {"model": "examenes.pregunta", "pk": 118, "fields": {"tema": 2, "texto": "El concepto de pluripotencialidad supone que cuando un área resulta dañada, pueden verse alteradas varias conductas, en dependencia de cuantos sean los sistemas de los que el área en cuestión forma parte."}}, {"model": "examenes.pregunta", "pk": 119, "fields": {"tema": 2, "texto": "La dificultad para extraer el significado de las palabras homófonas es característico de la dislexia"}}, {"model": "examenes.pregunta", "pk": 120, "fields": {"tema": 2, "texto": "La técnica de lectura conjunta o en sombra, supone un ejemplo de intervención para la dislexia del enfoque funcional de la psicología cognitiva, considerando el procesamiento fonológico como su principal déficit"}}, {"model": "examenes.pregunta", "pk": 121, "fields": {"tema": 2, "texto": "Los métodos alfabéticos, fónicos y silábicos se engloban dentro de los métodos sintéticos para el entrenamiento de la lectoescritura"}}, {"model": "examenes.pregunta", "pk": 122, "fields": {"tema": 2, "texto": "Las DDAA se manifiestan primariamente con problemas en el ámbito lingüístico y con trastornos conductuales como principales factores afectados. "}}, {"model": "examenes.pregunta", "pk": 123, "fields": {"tema": 2, "texto": "El método sintético para el tratamiento de la lectoescritura se propone especialmente para el aprendizaje de idiomas transparentes como el castellano."}}, {"model": "examenes.pregunta", "pk": 124, "fields": {"tema": 2, "texto": "En el trastorno lectoescritor, según el modelo psicolingüístico, si las dificultades son auditivas, la intervención sería utilizando el método sintético que minimizaría la rotulación verbal de letras y palabras enteras. "}}, {"model": "examenes.pregunta", "pk": 125, "fields": {"tema": 2, "texto": "En el enfoque neuropsicológico de Bakker, para la intervención psicoeducativa de la dislexia en el aula, propone que, en los casos que denomina dislexia P (perceptivos), debe basarse en la estimulación del hemisferio cerebral izquierdo, por ejemplo, presentando letras tridimensionales para que las palpen con la mano derecha."}}, {"model": "examenes.pregunta", "pk": 126, "fields": {"tema": 2, "texto": "La realización de dictados en clase es una técnica habitual y aconsejable para la intervención y enseñanza de la ortografía. "}}, {"model": "examenes.pregunta", "pk": 127, "fields": {"tema": 2, "texto": "La dislexia visual se caracteriza por problemas en la identificación de las características posicionales de las letras."}}, {"model": "examenes.pregunta", "pk": 128, "fields": {"tema": 2, "texto": "Según el modelo de Seymour y MacGregor (1984), los procesadores semántico y fonológico tienen lugar en el momento previo a la adquisición lectora, mientras que el grafémico y el ortográfico tienen lugar durante la adquisición de la lectura."}}, {"model": "examenes.pregunta", "pk": 129, "fields": {"tema": 2, "texto": "La lectura de palabras de alta y baja frecuencia igualadas en número es especialmente relevante para la evaluación de la ruta léxica o visual. "}}, {"model": "examenes.pregunta", "pk": 130, "fields": {"tema": 2, "texto": "En el procedimiento de lecturas repetidas para el desarrollo de la fluidez lectora, tras la primera lectura en voz alta del niño, se propone un objetivo de tiempo y exactitud a alcanzar. La retroalimentación del tiempo y errores se da siempre tras cada intento y hasta que se haya conseguido el objetivo. "}}, {"model": "examenes.pregunta", "pk": 131, "fields": {"tema": 2, "texto": "En los métodos analíticos, el flujo de información discurre de arriba-abajo, facilitando el dominio de las partes elementales antes que del conjunto. "}}, {"model": "examenes.pregunta", "pk": 132, "fields": {"tema": 2, "texto": "Solicitar al niño exagerar la pronunciación de un determinado sonido es una técnica utilizada para corregir errores de rotación. "}}, {"model": "examenes.pregunta", "pk": 133, "fields": {"tema": 2, "texto": "La dislexia tiene una base biológica y genética, mientras que la disortografía supone una dificultad de carácter evolutivo asociada, en muchos casos, al propio ritmo de maduración y aprendizaje del niño."}}, {"model": "examenes.pregunta", "pk": 134, "fields": {"tema": 2, "texto": "La escritura al dictado se relaciona con el área 37 de Brodmann."}}, {"model": "examenes.pregunta", "pk": 135, "fields": {"tema": 2, "texto": "La disgrafía se refiere a un conjunto de errores de la escritura que afectan a la palabra y no a su trazado o grafía. "}}, {"model": "examenes.pregunta", "pk": 136, "fields": {"tema": 2, "texto": "Según el DSM V (APA, 2013), algunas subhabilidades del trastorno específico del aprendizaje que pueden estar alteradas en la escritura son: dificultades en las reglas de puntuación, en la claridad y en la asociación de ideas. "}}, {"model": "examenes.pregunta", "pk": 137, "fields": {"tema": 2, "texto": "Según Rivas y Fernández (2011), la sustitución de fonemas vocálicos y/o consonánticos afines por el X y/o modo de articulación, como “sebtimo” por “séptimo”, sería una característica de la disortografía relacionada con el contenido. "}}, {"model": "examenes.pregunta", "pk": 138, "fields": {"tema": 2, "texto": "La alteración de la secuenciación fonemática del discurso, generando errores de omisión-separación es característico de la disortografía dinámica. "}}, {"model": "examenes.pregunta", "pk": 139, "fields": {"tema": 2, "texto": "El modelado sin modelos en vivo de tipo encubierto consiste en imaginar escenas ansiógenas y, a continuación, representar mentalmente a un modelo poderoso para el niño que lleva a cabo la conducta temida."}}, {"model": "examenes.pregunta", "pk": 140, "fields": {"tema": 2, "texto": "Los ficheros cacográficos son un inventario de errores cometidos frecuentemente por el alumno en el que al lado se pone la palabra correcta. "}}, {"model": "examenes.pregunta", "pk": 141, "fields": {"tema": 2, "texto": "Dibujar en una cuadrícula la mitad que falta de un dibujo, supone una estrategia de grafomotricidad-simetría incluida en las pautas de intervención psicoeducativa en el aula para la disortografía. "}}, {"model": "examenes.pregunta", "pk": 142, "fields": {"tema": 2, "texto": "En matemáticas, las tareas de la memoria de trabajo como el mantenimiento de resultados intermedios, la planificación, la ordenación temporal de componentes de las tareas, la comprobación de resultados y la corrección de errores tienen su mayor responsable cortical en el lóbulo frontal dorsolateral."}}, {"model": "examenes.pregunta", "pk": 143, "fields": {"tema": 2, "texto": "El procesamiento de los números arábigos se realiza en ambos hemisferios de la corteza occipito-temporal, mientras que los números verbales se procesan en el hemisferio izquierdo."}}, {"model": "examenes.pregunta", "pk": 144, "fields": {"tema": 2, "texto": "El déficit de las conexiones neuronales asociadas a la discalculia se encuentra principalmente en el lóbulo occipital y sus conexiones funcionales con la corteza prefrontal. "}}, {"model": "examenes.pregunta", "pk": 145, "fields": {"tema": 2, "texto": "Según Dehaene et al. (1999), la información numérica procesada por el sistema cuantitativo no verbal está asociada al segmento horizontal del surco intraparietal (HIPS), que se activa más cuando se realiza una estimación aproximada que cuando se realiza un cálculo exacto."}}, {"model": "examenes.pregunta", "pk": 146, "fields": {"tema": 2, "texto": "En las conclusiones de la serie de experimentos con bebés de cinco meses de Wynn (1992) se sugiere que, al mirar más tiempo cuando aparecían los juguetes con un resultado lógico, los bebés muestran poseer una capacidad innata para el procesamiento numérico. "}}, {"model": "examenes.pregunta", "pk": 147, "fields": {"tema": 2, "texto": "El aprendizaje de las matemáticas en las distintas etapas escolares (infantil, primaria y secundaria) es interdependiente y jerárquico."}}, {"model": "examenes.pregunta", "pk": 148, "fields": {"tema": 2, "texto": "Poner el énfasis en las actitudes e interés del alumno y en la dificultad propia de la asignatura, supone una hipótesis etiológica evolutiva de las DAM. "}}, {"model": "examenes.pregunta", "pk": 149, "fields": {"tema": 2, "texto": "Al tener conexiones con el sistema límbico, las estructuras frontales también intervienen en la regulación de la respuesta emocional, la motivación y la conducta social."}}, {"model": "examenes.pregunta", "pk": 150, "fields": {"tema": 2, "texto": "En caso de lesión en alguna de las áreas relacionadas con el segundo bloque funcional propuesto por Luria, se observaría un fallo general de la entrada de información, conduciendo a una alteración de los procesos de atención, vigilia y memoria. "}}, {"model": "examenes.pregunta", "pk": 151, "fields": {"tema": 2, "texto": "En el DSM V (APA, 2013) se hace una clara diferenciación entre la disgrafía y la disortografía. "}}, {"model": "examenes.pregunta", "pk": 152, "fields": {"tema": 2, "texto": "Colocar el mismo número de piezas en posiciones diferentes y preguntar al alumno en qué dibujo hay más o menos elementos es una tarea para el entrenamiento de las seriaciones. "}}, {"model": "examenes.pregunta", "pk": 153, "fields": {"tema": 2, "texto": "Respecto al bullying, investigaciones internacionales sugieren que los ataques se producen en mayor medida en el desplazamiento a la escuela que en la propia escuela. "}}, {"model": "examenes.pregunta", "pk": 154, "fields": {"tema": 2, "texto": "La posición sociométrica o estatus social se utiliza para evaluar la deprivación sociocultural. "}}, {"model": "examenes.pregunta", "pk": 155, "fields": {"tema": 2, "texto": "El escaso conocimiento de los propios sentimientos facilita el diagnóstico de la ansiedad por separación. "}}, {"model": "examenes.pregunta", "pk": 156, "fields": {"tema": 2, "texto": "Relacionado con los déficits socioafectivos, los resultados han mostrado que los sujetos expuestos al estrés durante la niñez y la adolescencia tenían menores concentraciones de neurotransmisores en el hipocampo."}}, {"model": "examenes.pregunta", "pk": 157, "fields": {"tema": 2, "texto": "El programa de Kendall para la intervención de la fobia escolar entrena al niño para reconocer las respuestas físicas que se desencadenan ante sus emociones negativas y para que reconozca las autoverbalizaciones asociadas a sentimientos negativos con el consiguiente desarrollo de habilidades de solución de problemas para modificar esas autoverbalizaciones. En una segunda fase, se ponen en práctica dichas habilidades mediante una exposición gradual a situaciones ansiógenas, tanto imaginariamente como en vivo."}}, {"model": "examenes.pregunta", "pk": 158, "fields": {"tema": 2, "texto": "La dificultad para separar las secuencias gráficas pertenecientes a cada secuencia gráfica mediante los espacios en blanco correspondientes son errores visoespaciales. "}}, {"model": "examenes.pregunta", "pk": 159, "fields": {"tema": 2, "texto": "La prueba PEREL (Maldonado et al, 1992) para evaluación del retraso en la lectura, es aplicable a niños de 5 a 8 años. "}}, {"model": "examenes.pregunta", "pk": 160, "fields": {"tema": 2, "texto": "Entre las pruebas formales para la evaluación de la disortografía, la Prueba de Escritura de Terrasa (1997) tiene aplicación también para niños de primer ciclo de educación primaria."}}, {"model": "examenes.pregunta", "pk": 161, "fields": {"tema": 2, "texto": "El giro angular izquierdo interviene principalmente en la estimación de resultados aproximados. "}}, {"model": "examenes.pregunta", "pk": 162, "fields": {"tema": 2, "texto": "Según el modelo neuropsicológico de la dislexia, la participación de las áreas corticales de los lóbulos frontales y el plano temporal son clave para la correcta percepción y funcionamiento cognitivo."}}, {"model": "examenes.pregunta", "pk": 163, "fields": {"tema": 2, "texto": "Para realizar los procesos visuales, auditivos y táctiles, esenciales en la aplicación de metodologías de aprendizaje de nuevos conocimientos basadas en la sensorialidad, participan los lóbulos occipital, temporal y parietal, del bloque tercero propuesto por Luria (1973, 1980) "}}, {"model": "examenes.pregunta", "pk": 164, "fields": {"tema": 3, "texto": "¿Cuál es el ciclo de un proyecto?"}}, {"model": "examenes.pregunta", "pk": 165, "fields": {"tema": 3, "texto": "El proyecto de animación tiene como estrategias:"}}, {"model": "examenes.pregunta", "pk": 166, "fields": {"tema": 3, "texto": "El pronóstico puede ser:"}}, {"model": "examenes.pregunta", "pk": 167, "fields": {"tema": 3, "texto": "Cual NO es un objetivo de la evaluación:"}}, {"model": "examenes.pregunta", "pk": 168, "fields": {"tema": 3, "texto": "La eficacia es:"}}, {"model": "examenes.pregunta", "pk": 169, "fields": {"tema": 3, "texto": "La efectividad es:"}}, {"model": "examenes.pregunta", "pk": 170, "fields": {"tema": 3, "texto": "La viabilidad técnica es:"}}, {"model": "examenes.pregunta", "pk": 171, "fields": {"tema": 3, "texto": "La evaluabilidad es:"}}, {"model": "examenes.pregunta", "pk": 172, "fields": {"tema": 3, "texto": "La evaluación ex post:"}}, {"model": "examenes.pregunta", "pk": 173, "fields": {"tema": 3, "texto": "Una necesidad sentida puesta en acción mediante una solicitud es:"}}, {"model": "examenes.pregunta", "pk": 174, "fields": {"tema": 3, "texto": "Los enfoques teóricos del diagnóstico son:"}}, {"model": "examenes.pregunta", "pk": 175, "fields": {"tema": 3, "texto": "Las estrategias de: encargo, ajuste, cambio de situación y devolución se presentan en:"}}, {"model": "examenes.pregunta", "pk": 176, "fields": {"tema": 3, "texto": "En el diseño teórico de un proyecto de intervención psicosocial, siempre están presente:"}}, {"model": "examenes.pregunta", "pk": 177, "fields": {"tema": 3, "texto": "Qué tipo de documentación es la que recoge todos los datos que la administración requiere para mantener el “contrato”:"}}, {"model": "examenes.pregunta", "pk": 178, "fields": {"tema": 3, "texto": "Un pronóstico favorable es cuando:"}}, {"model": "examenes.pregunta", "pk": 179, "fields": {"tema": 3, "texto": "Los resultados si dan menos de 1, el proyecto es:"}}, {"model": "examenes.opcionderespuesta", "pk": 1, "fields": {"pregunta": 1, "texto": "Semirrígidos", "es_correcta": false}}, {"model": "examenes.opcionderespuesta", "pk": 2, "fields": {"pregunta": 1, "texto": "Difusos", "es_correcta": true}}, {"model": "examenes.opcionderespuesta", "pk": 3, "fields": {"pregunta": 1, "texto": "Transversales", "es_correcta": false}}, {"model": "examenes.opcionderespuesta", "pk": 4, "fields": {"pregunta": 2, "texto": "Información/información", "es_correcta": false}}, {"model": "examenes.opcionderespuesta", "pk": 5, "fields": {"pregunta": 2, "texto": "Información/ energía", "es_correcta": false}}, {"model": "examenes.opcionderespuesta", "pk": 6, "fields": {"pregunta": 2, "texto": "Energía/información", "es_correcta": true}}, {"model": "examenes.opcionderespuesta", "pk": 7, "fields": {"pregunta": 3, "texto": "Los eventos vitales estresantes vienen determinados por la combinación de las \ncaracterísticas psicológicas de las personas y por los elementos socio-ambientales.", "es_correcta": false}}, {"model": "examenes.opcionderespuesta", "pk": 8, "fields": {"pregunta": 3, "texto": "Ambas son correctas", "es_correcta": false}}, {"model": "examenes.opcionderespuesta", "pk": 9, "fields": {"pregunta": 3, "texto": "La reacción transitoria de estrés está influida por mediadores psicológicos y \nsituacionales.", "es_correcta": true}}, {"model": "examenes.opcionderespuesta", "pk": 10, "fields": {"pregunta": 4, "texto": "la tendencia al comportamiento grupal y la tendencia al comportamiento \norganizacional", "es_correcta": false}}, {"model": "examenes.opcionderespuesta", "pk": 11, "fields": {"pregunta": 4, "texto": "la tendencia al comportamiento individual y la tendencia al comportamiento \norganizacional", "es_correcta": true}}, {"model": "examenes.opcionderespuesta", "pk": 12, "fields": {"pregunta": 4, "texto": "la tendencia al comportamiento individual y la tendencia al comportamiento grupal", "es_correcta": false}}, {"model": "examenes.opcionderespuesta", "pk": 13, "fields": {"pregunta": 5, "texto": "Un alumno no se atreve a discutir con su profesor, aunque le parezca injusto lo que \neste le indica.", "es_correcta": false}}, {"model": "examenes.opcionderespuesta", "pk": 14, "fields": {"pregunta": 5, "texto": "tres hermanos se ponen de acuerdo en comenzar el problema de uno de ellos (que no \nse atreve a hacerlo solo) con sus padres.", "es_correcta": true}}, {"model": "examenes.opcionderespuesta", "pk": 15, "fields": {"pregunta": 5, "texto": "un grupo de alumnos no participa en clase por miedo a la desaprobación de sus \ncompañeros.", "es_correcta": false}}, {"model": "examenes.opcionderespuesta", "pk": 16, "fields": {"pregunta": 6, "texto": "Una variable psicológica", "es_correcta": true}}, {"model": "examenes.opcionderespuesta", "pk": 17, "fields": {"pregunta": 6, "texto": "Una variable psicosocial", "es_correcta": false}}, {"model": "examenes.opcionderespuesta", "pk": 18, "fields": {"pregunta": 6, "texto": "Una variable sociológica", "es_correcta": false}}, {"model": "examenes.opcionderespuesta", "pk": 19, "fields": {"pregunta": 7, "texto": "Un objeto común", "es_correcta": true}}, {"model": "examenes.opcionderespuesta", "pk": 20, "fields": {"pregunta": 7, "texto": "la autogestión", "es_correcta": false}}, {"model": "examenes.opcionderespuesta", "pk": 21, "fields": {"pregunta": 7, "texto": "la autonomía de sus miembros", "es_correcta": false}}, {"model": "examenes.opcionderespuesta", "pk": 22, "fields": {"pregunta": 8, "texto": "La reacción transitoria de estrés dependerá de la mediación de los factores \npsicológicos y situacionales.", "es_correcta": true}}, {"model": "examenes.opcionderespuesta", "pk": 23, "fields": {"pregunta": 8, "texto": "la respuesta del individuo será siempre de carácter psicopatológico.", "es_correcta": false}}, {"model": "examenes.opcionderespuesta", "pk": 24, "fields": {"pregunta": 8, "texto": "la reacción transitoria de estrés no guarda relación con la red de apoyo social que \nposee el afectado.", "es_correcta": false}}, {"model": "examenes.opcionderespuesta", "pk": 25, "fields": {"pregunta": 9, "texto": "Efecto de potenciación", "es_correcta": false}}, {"model": "examenes.opcionderespuesta", "pk": 26, "fields": {"pregunta": 9, "texto": "efecto de amortiguación", "es_correcta": false}}, {"model": "examenes.opcionderespuesta", "pk": 27, "fields": {"pregunta": 9, "texto": "efecto directo", "es_correcta": true}}, {"model": "examenes.opcionderespuesta", "pk": 28, "fields": {"pregunta": 10, "texto": "Las otras dos son correctas", "es_correcta": true}}, {"model": "examenes.opcionderespuesta", "pk": 29, "fields": {"pregunta": 10, "texto": "se puede aplicar a nivel individual, grupal, organizacional y comunitario", "es_correcta": false}}, {"model": "examenes.opcionderespuesta", "pk": 30, "fields": {"pregunta": 10, "texto": "se dirige no solo al fortalecimiento psicológico sino también a la provisión de \nderechos y opciones a los ciudadanos en los contextos en que se desarrollan.", "es_correcta": false}}, {"model": "examenes.opcionderespuesta", "pk": 31, "fields": {"pregunta": 11, "texto": "en el comportamiento colectivo", "es_correcta": false}}, {"model": "examenes.opcionderespuesta", "pk": 32, "fields": {"pregunta": 11, "texto": "en el contexto próximo en el que vive el adolescente", "es_correcta": true}}, {"model": "examenes.opcionderespuesta", "pk": 33, "fields": {"pregunta": 11, "texto": "en el mal funcionamiento de las instituciones educativas", "es_correcta": false}}, {"model": "examenes.opcionderespuesta", "pk": 34, "fields": {"pregunta": 12, "texto": "Efecto de reducción", "es_correcta": false}}, {"model": "examenes.opcionderespuesta", "pk": 35, "fields": {"pregunta": 12, "texto": "efecto amortiguador", "es_correcta": true}}, {"model": "examenes.opcionderespuesta", "pk": 36, "fields": {"pregunta": 12, "texto": "efecto inverso", "es_correcta": false}}, {"model": "examenes.opcionderespuesta", "pk": 37, "fields": {"pregunta": 13, "texto": "Instituido", "es_correcta": true}}, {"model": "examenes.opcionderespuesta", "pk": 38, "fields": {"pregunta": 13, "texto": "Instituyente", "es_correcta": false}}, {"model": "examenes.opcionderespuesta", "pk": 39, "fields": {"pregunta": 13, "texto": "Homeostático", "es_correcta": false}}, {"model": "examenes.opcionderespuesta", "pk": 40, "fields": {"pregunta": 14, "texto": "Tiene un bajo control sobre el fenómeno estudiado y el grado de implicación con la \ncomunidad es moderado.", "es_correcta": true}}, {"model": "examenes.opcionderespuesta", "pk": 41, "fields": {"pregunta": 14, "texto": "Tiene un moderado control sobre el fenómeno estudiado y el grado de implicación \ncon la comunidad es bajo.", "es_correcta": false}}, {"model": "examenes.opcionderespuesta", "pk": 42, "fields": {"pregunta": 14, "texto": "Tiene un moderado control sobre el fenómeno estudiado y el grado de implicación con \nla comunidad es alto.", "es_correcta": false}}, {"model": "examenes.opcionderespuesta", "pk": 43, "fields": {"pregunta": 15, "texto": "Organizar bien los recursos humanos y materiales de la entidad.", "es_correcta": false}}, {"model": "examenes.opcionderespuesta", "pk": 44, "fields": {"pregunta": 15, "texto": "Reducir el efecto de los procesos instituidos en la organización", "es_correcta": false}}, {"model": "examenes.opcionderespuesta", "pk": 45, "fields": {"pregunta": 15, "texto": "Ayudar a que todas las unidades de la entidad mantengan una comunicación fluida \nentre sí.", "es_correcta": true}}, {"model": "examenes.opcionderespuesta", "pk": 46, "fields": {"pregunta": 16, "texto": "La praxis social", "es_correcta": false}}, {"model": "examenes.opcionderespuesta", "pk": 47, "fields": {"pregunta": 16, "texto": "la praxis psicosocial.", "es_correcta": true}}, {"model": "examenes.opcionderespuesta", "pk": 48, "fields": {"pregunta": 16, "texto": "la intervención psicoanalítica.", "es_correcta": false}}, {"model": "examenes.opcionderespuesta", "pk": 49, "fields": {"pregunta": 17, "texto": "Tiene un alto grado de control sobre el fenómeno estudiado", "es_correcta": false}}, {"model": "examenes.opcionderespuesta", "pk": 50, "fields": {"pregunta": 17, "texto": "Tiene un moderado grado de control sobre el fenómeno estudiado", "es_correcta": true}}, {"model": "examenes.opcionderespuesta", "pk": 51, "fields": {"pregunta": 17, "texto": "Tiene un bajo grado de control sobre el fenómeno estudiado.", "es_correcta": false}}, {"model": "examenes.opcionderespuesta", "pk": 52, "fields": {"pregunta": 18, "texto": "Comunitario", "es_correcta": true}}, {"model": "examenes.opcionderespuesta", "pk": 53, "fields": {"pregunta": 18, "texto": "Organizacional", "es_correcta": false}}, {"model": "examenes.opcionderespuesta", "pk": 54, "fields": {"pregunta": 18, "texto": "Transpersonal", "es_correcta": false}}, {"model": "examenes.opcionderespuesta", "pk": 55, "fields": {"pregunta": 19, "texto": "En la fase V del modelo empowerment, mantenimiento del modelo", "es_correcta": true}}, {"model": "examenes.opcionderespuesta", "pk": 56, "fields": {"pregunta": 19, "texto": "En la fase IV del modelo empowerment, apoyo a los grupos de acción", "es_correcta": false}}, {"model": "examenes.opcionderespuesta", "pk": 57, "fields": {"pregunta": 19, "texto": "En la fase III del modelo empowerment, organizar grupos de acción", "es_correcta": false}}, {"model": "examenes.opcionderespuesta", "pk": 58, "fields": {"pregunta": 20, "texto": "Prevalencia y frecuencia", "es_correcta": false}}, {"model": "examenes.opcionderespuesta", "pk": 59, "fields": {"pregunta": 20, "texto": "Incidencia y prevalencia", "es_correcta": false}}, {"model": "examenes.opcionderespuesta", "pk": 60, "fields": {"pregunta": 20, "texto": "Tendencia y fluctuación", "es_correcta": true}}, {"model": "examenes.opcionderespuesta", "pk": 61, "fields": {"pregunta": 21, "texto": "Derechos sociales asociación", "es_correcta": false}}, {"model": "examenes.opcionderespuesta", "pk": 62, "fields": {"pregunta": 21, "texto": "derechos sociales laborales", "es_correcta": true}}, {"model": "examenes.opcionderespuesta", "pk": 63, "fields": {"pregunta": 21, "texto": "derechos sociales administrativos", "es_correcta": false}}, {"model": "examenes.opcionderespuesta", "pk": 64, "fields": {"pregunta": 22, "texto": "Comportamiento unipersonal", "es_correcta": false}}, {"model": "examenes.opcionderespuesta", "pk": 65, "fields": {"pregunta": 22, "texto": "comportamiento transpersonal", "es_correcta": false}}, {"model": "examenes.opcionderespuesta", "pk": 66, "fields": {"pregunta": 22, "texto": "comportamiento interpersonal", "es_correcta": true}}, {"model": "examenes.opcionderespuesta", "pk": 67, "fields": {"pregunta": 23, "texto": "Número de casos en comparación con el número de personas estudiadas.", "es_correcta": false}}, {"model": "examenes.opcionderespuesta", "pk": 68, "fields": {"pregunta": 23, "texto": "casos nuevos", "es_correcta": true}}, {"model": "examenes.opcionderespuesta", "pk": 69, "fields": {"pregunta": 23, "texto": "casos existentes totales", "es_correcta": false}}, {"model": "examenes.opcionderespuesta", "pk": 70, "fields": {"pregunta": 24, "texto": "El experimento de campo y la investigación-acción", "es_correcta": false}}, {"model": "examenes.opcionderespuesta", "pk": 71, "fields": {"pregunta": 24, "texto": "el experimento de campo y la simulación", "es_correcta": true}}, {"model": "examenes.opcionderespuesta", "pk": 72, "fields": {"pregunta": 24, "texto": "el cuasi-experimento y la simulación", "es_correcta": false}}, {"model": "examenes.opcionderespuesta", "pk": 73, "fields": {"pregunta": 25, "texto": "la prospección", "es_correcta": false}}, {"model": "examenes.opcionderespuesta", "pk": 74, "fields": {"pregunta": 25, "texto": "la autoprescripcion", "es_correcta": true}}, {"model": "examenes.opcionderespuesta", "pk": 75, "fields": {"pregunta": 25, "texto": "el diagnóstico", "es_correcta": false}}, {"model": "examenes.opcionderespuesta", "pk": 76, "fields": {"pregunta": 26, "texto": "suprasistema/organización/instituyente", "es_correcta": false}}, {"model": "examenes.opcionderespuesta", "pk": 77, "fields": {"pregunta": 26, "texto": "ecosistema/institución/rol", "es_correcta": true}}, {"model": "examenes.opcionderespuesta", "pk": 78, "fields": {"pregunta": 26, "texto": "ecosistema/sistema/organización", "es_correcta": false}}, {"model": "examenes.opcionderespuesta", "pk": 79, "fields": {"pregunta": 27, "texto": "es un emergente vinculado al proceso de salud", "es_correcta": false}}, {"model": "examenes.opcionderespuesta", "pk": 80, "fields": {"pregunta": 27, "texto": "no es un emergente", "es_correcta": false}}, {"model": "examenes.opcionderespuesta", "pk": 81, "fields": {"pregunta": 27, "texto": "es un emergente vinculado al proceso de socialización", "es_correcta": true}}, {"model": "examenes.opcionderespuesta", "pk": 82, "fields": {"pregunta": 28, "texto": "Adaptación/marginación", "es_correcta": false}}, {"model": "examenes.opcionderespuesta", "pk": 83, "fields": {"pregunta": 28, "texto": "entropía/negentropía", "es_correcta": true}}, {"model": "examenes.opcionderespuesta", "pk": 84, "fields": {"pregunta": 28, "texto": "nivel de socialización", "es_correcta": false}}, {"model": "examenes.opcionderespuesta", "pk": 85, "fields": {"pregunta": 29, "texto": "Las actividades tienen consecuencias potencialmente negativas y positivas", "es_correcta": true}}, {"model": "examenes.opcionderespuesta", "pk": 86, "fields": {"pregunta": 29, "texto": "Las 38 actividades propuestas tienen consecuencias positivas", "es_correcta": false}}, {"model": "examenes.opcionderespuesta", "pk": 87, "fields": {"pregunta": 29, "texto": "Las consecuencias de las 38 actividades propuestas pueden ser neutras o positivas.", "es_correcta": false}}, {"model": "examenes.opcionderespuesta", "pk": 88, "fields": {"pregunta": 30, "texto": "Desarrollar conciencia crítica en los agentes externos", "es_correcta": false}}, {"model": "examenes.opcionderespuesta", "pk": 89, "fields": {"pregunta": 30, "texto": "poner a prueba las hipótesis basadas en consideraciones teóricas.", "es_correcta": false}}, {"model": "examenes.opcionderespuesta", "pk": 90, "fields": {"pregunta": 30, "texto": "la transformación de la realidad social a través del incremento de poder.", "es_correcta": true}}, {"model": "examenes.opcionderespuesta", "pk": 91, "fields": {"pregunta": 31, "texto": "Frecuencia", "es_correcta": false}}, {"model": "examenes.opcionderespuesta", "pk": 92, "fields": {"pregunta": 31, "texto": "prevalencia", "es_correcta": true}}, {"model": "examenes.opcionderespuesta", "pk": 93, "fields": {"pregunta": 31, "texto": "incidencia", "es_correcta": false}}, {"model": "examenes.opcionderespuesta", "pk": 94, "fields": {"pregunta": 32, "texto": "Estamos identificando factores mantenedores de un problema en el plano cognitivo de \nlas personas que rodean al sujeto afectado.", "es_correcta": true}}, {"model": "examenes.opcionderespuesta", "pk": 95, "fields": {"pregunta": 32, "texto": "Estamos identificando factores mantenedores de un problema en el plano conductual \nde las personas que rodean al sujeto afectado.", "es_correcta": false}}, {"model": "examenes.opcionderespuesta", "pk": 96, "fields": {"pregunta": 32, "texto": "Estamos identificando factores mantenedores de un problema en el plano cognitivo del \nsujeto afectado.", "es_correcta": false}}, {"model": "examenes.opcionderespuesta", "pk": 97, "fields": {"pregunta": 33, "texto": "la reorganización mental", "es_correcta": true}}, {"model": "examenes.opcionderespuesta", "pk": 98, "fields": {"pregunta": 33, "texto": "la reorganización de la lógica", "es_correcta": false}}, {"model": "examenes.opcionderespuesta", "pk": 99, "fields": {"pregunta": 33, "texto": "la reorganización de la integración social", "es_correcta": false}}, {"model": "examenes.opcionderespuesta", "pk": 100, "fields": {"pregunta": 34, "texto": "Familias cuasi nómicas", "es_correcta": false}}, {"model": "examenes.opcionderespuesta", "pk": 101, "fields": {"pregunta": 34, "texto": "familias disnomicas", "es_correcta": false}}, {"model": "examenes.opcionderespuesta", "pk": 102, "fields": {"pregunta": 34, "texto": "familias anómicas", "es_correcta": true}}, {"model": "examenes.opcionderespuesta", "pk": 103, "fields": {"pregunta": 35, "texto": "la autodeterminación individual, esto es, la capacitación de la persona para tomar \ndecisiones y resolver problemas que afectan a su vida", "es_correcta": false}}, {"model": "examenes.opcionderespuesta", "pk": 104, "fields": {"pregunta": 35, "texto": "las otras dos son correctas", "es_correcta": true}}, {"model": "examenes.opcionderespuesta", "pk": 105, "fields": {"pregunta": 35, "texto": "la participación democrática en la vida comunitaria", "es_correcta": false}}, {"model": "examenes.opcionderespuesta", "pk": 106, "fields": {"pregunta": 36, "texto": "Prospección", "es_correcta": true}}, {"model": "examenes.opcionderespuesta", "pk": 107, "fields": {"pregunta": 36, "texto": "Diagnóstico", "es_correcta": false}}, {"model": "examenes.opcionderespuesta", "pk": 108, "fields": {"pregunta": 36, "texto": "Evaluación", "es_correcta": false}}, {"model": "examenes.opcionderespuesta", "pk": 109, "fields": {"pregunta": 37, "texto": "El método de identificación de necesidades seleccionado por el agente facilitador", "es_correcta": false}}, {"model": "examenes.opcionderespuesta", "pk": 110, "fields": {"pregunta": 37, "texto": "las metas fijadas por el agente facilitador (generalmente un investigador asociado a \nuna universidad)", "es_correcta": false}}, {"model": "examenes.opcionderespuesta", "pk": 111, "fields": {"pregunta": 37, "texto": "Las metas fijadas por el grupo, el tipo de resistencia encontrada, los recursos \ndisponibles y la efectividad de las acciones tomadas.", "es_correcta": true}}, {"model": "examenes.opcionderespuesta", "pk": 112, "fields": {"pregunta": 38, "texto": "interdependencia", "es_correcta": false}}, {"model": "examenes.opcionderespuesta", "pk": 113, "fields": {"pregunta": 38, "texto": "finalidad", "es_correcta": true}}, {"model": "examenes.opcionderespuesta", "pk": 114, "fields": {"pregunta": 38, "texto": "energía", "es_correcta": false}}, {"model": "examenes.opcionderespuesta", "pk": 115, "fields": {"pregunta": 39, "texto": "el empowerment no es un recurso que se agote, sino todo lo contrario", "es_correcta": true}}, {"model": "examenes.opcionderespuesta", "pk": 116, "fields": {"pregunta": 39, "texto": "el tamaño del contexto donde se intervenga no es importante", "es_correcta": false}}, {"model": "examenes.opcionderespuesta", "pk": 117, "fields": {"pregunta": 39, "texto": "las decisiones a nivel local son iguales que a nivel general", "es_correcta": false}}, {"model": "examenes.opcionderespuesta", "pk": 118, "fields": {"pregunta": 40, "texto": "el problema se origina en la comunidad y es definido, analizado y resuelto por los \nparticipantes.", "es_correcta": true}}, {"model": "examenes.opcionderespuesta", "pk": 119, "fields": {"pregunta": 40, "texto": "los investigadores postulan preguntas.", "es_correcta": false}}, {"model": "examenes.opcionderespuesta", "pk": 120, "fields": {"pregunta": 40, "texto": "los investigadores postulan hipótesis basadas en consideraciones teóricas que luego \nson confirmadas empíricamente.", "es_correcta": false}}, {"model": "examenes.opcionderespuesta", "pk": 121, "fields": {"pregunta": 41, "texto": "están influidos por las fuerzas sociales e históricas del momento", "es_correcta": true}}, {"model": "examenes.opcionderespuesta", "pk": 122, "fields": {"pregunta": 41, "texto": "no deben influir sobre la investigación que está llevando a cabo.", "es_correcta": false}}, {"model": "examenes.opcionderespuesta", "pk": 123, "fields": {"pregunta": 41, "texto": "no debe hacerlos explicitos aunque influyan en el proceso de la investigación", "es_correcta": false}}, {"model": "examenes.opcionderespuesta", "pk": 124, "fields": {"pregunta": 42, "texto": "tomar decisiones sobre la distribución de recursos", "es_correcta": false}}, {"model": "examenes.opcionderespuesta", "pk": 125, "fields": {"pregunta": 42, "texto": "establecer correlaciones entre los factores implicados en el desarrollo de un problema \nsocial", "es_correcta": true}}, {"model": "examenes.opcionderespuesta", "pk": 126, "fields": {"pregunta": 42, "texto": "tomar decisiones sobre la distribución de servicios en una comunidad", "es_correcta": false}}, {"model": "examenes.opcionderespuesta", "pk": 127, "fields": {"pregunta": 43, "texto": "subsistema comunitario", "es_correcta": false}}, {"model": "examenes.opcionderespuesta", "pk": 128, "fields": {"pregunta": 43, "texto": "sistema", "es_correcta": true}}, {"model": "examenes.opcionderespuesta", "pk": 129, "fields": {"pregunta": 43, "texto": "suprasistema", "es_correcta": false}}, {"model": "examenes.opcionderespuesta", "pk": 130, "fields": {"pregunta": 44, "texto": "modelos de redes sociales y apoyo social y modelo de competencia", "es_correcta": false}}, {"model": "examenes.opcionderespuesta", "pk": 131, "fields": {"pregunta": 44, "texto": "modelo de redes sociales y apoyo social y modelo de estrés psicosocial", "es_correcta": true}}, {"model": "examenes.opcionderespuesta", "pk": 132, "fields": {"pregunta": 44, "texto": "modelo de competencia y modelo de estrés psicosocial.", "es_correcta": false}}, {"model": "examenes.opcionderespuesta", "pk": 133, "fields": {"pregunta": 45, "texto": "Transpersonal", "es_correcta": true}}, {"model": "examenes.opcionderespuesta", "pk": 134, "fields": {"pregunta": 45, "texto": "Interpersonal", "es_correcta": false}}, {"model": "examenes.opcionderespuesta", "pk": 135, "fields": {"pregunta": 45, "texto": "Unipersonal", "es_correcta": false}}, {"model": "examenes.opcionderespuesta", "pk": 136, "fields": {"pregunta": 46, "texto": "Sociológica", "es_correcta": true}}, {"model": "examenes.opcionderespuesta", "pk": 137, "fields": {"pregunta": 46, "texto": "Biopsicológica", "es_correcta": false}}, {"model": "examenes.opcionderespuesta", "pk": 138, "fields": {"pregunta": 46, "texto": "Psicosocial", "es_correcta": false}}, {"model": "examenes.opcionderespuesta", "pk": 139, "fields": {"pregunta": 47, "texto": "A nivel conductual", "es_correcta": false}}, {"model": "examenes.opcionderespuesta", "pk": 140, "fields": {"pregunta": 47, "texto": "A nivel cognitivo y conductual", "es_correcta": true}}, {"model": "examenes.opcionderespuesta", "pk": 141, "fields": {"pregunta": 47, "texto": "A nivel inconsciente y conductual", "es_correcta": false}}, {"model": "examenes.opcionderespuesta", "pk": 142, "fields": {"pregunta": 48, "texto": "Información", "es_correcta": false}}, {"model": "examenes.opcionderespuesta", "pk": 143, "fields": {"pregunta": 48, "texto": "Resiliencia", "es_correcta": false}}, {"model": "examenes.opcionderespuesta", "pk": 144, "fields": {"pregunta": 48, "texto": "Energía", "es_correcta": true}}, {"model": "examenes.opcionderespuesta", "pk": 145, "fields": {"pregunta": 49, "texto": "Los mecanismos resistenciales", "es_correcta": true}}, {"model": "examenes.opcionderespuesta", "pk": 146, "fields": {"pregunta": 49, "texto": "Los efectos", "es_correcta": false}}, {"model": "examenes.opcionderespuesta", "pk": 147, "fields": {"pregunta": 49, "texto": "El emergente cultural.", "es_correcta": false}}, {"model": "examenes.opcionderespuesta", "pk": 148, "fields": {"pregunta": 50, "texto": "El suprasistema", "es_correcta": true}}, {"model": "examenes.opcionderespuesta", "pk": 149, "fields": {"pregunta": 50, "texto": "El subsistema no entrópico", "es_correcta": false}}, {"model": "examenes.opcionderespuesta", "pk": 150, "fields": {"pregunta": 50, "texto": "El elemento", "es_correcta": false}}, {"model": "examenes.opcionderespuesta", "pk": 151, "fields": {"pregunta": 51, "texto": "Los grupos", "es_correcta": false}}, {"model": "examenes.opcionderespuesta", "pk": 152, "fields": {"pregunta": 51, "texto": "El ecosistema de la entidad", "es_correcta": false}}, {"model": "examenes.opcionderespuesta", "pk": 153, "fields": {"pregunta": 51, "texto": "La institución de la entidad", "es_correcta": true}}, {"model": "examenes.opcionderespuesta", "pk": 154, "fields": {"pregunta": 52, "texto": "del medio social", "es_correcta": true}}, {"model": "examenes.opcionderespuesta", "pk": 155, "fields": {"pregunta": 52, "texto": "del medio socioeconómico", "es_correcta": false}}, {"model": "examenes.opcionderespuesta", "pk": 156, "fields": {"pregunta": 52, "texto": "de la percepción del propio regulador", "es_correcta": false}}, {"model": "examenes.opcionderespuesta", "pk": 157, "fields": {"pregunta": 53, "texto": "Psicofamiliar", "es_correcta": true}}, {"model": "examenes.opcionderespuesta", "pk": 158, "fields": {"pregunta": 53, "texto": "Psicogrupal", "es_correcta": false}}, {"model": "examenes.opcionderespuesta", "pk": 159, "fields": {"pregunta": 53, "texto": "Psicosocial", "es_correcta": false}}, {"model": "examenes.opcionderespuesta", "pk": 160, "fields": {"pregunta": 54, "texto": "De animación", "es_correcta": false}}, {"model": "examenes.opcionderespuesta", "pk": 161, "fields": {"pregunta": 54, "texto": "Administrativa", "es_correcta": true}}, {"model": "examenes.opcionderespuesta", "pk": 162, "fields": {"pregunta": 54, "texto": "Educativa", "es_correcta": false}}, {"model": "examenes.opcionderespuesta", "pk": 163, "fields": {"pregunta": 55, "texto": "Terapéutica", "es_correcta": true}}, {"model": "examenes.opcionderespuesta", "pk": 164, "fields": {"pregunta": 55, "texto": "Educativa", "es_correcta": false}}, {"model": "examenes.opcionderespuesta", "pk": 165, "fields": {"pregunta": 55, "texto": "De animación", "es_correcta": false}}, {"model": "examenes.opcionderespuesta", "pk": 166, "fields": {"pregunta": 56, "texto": "Psicosocial", "es_correcta": false}}, {"model": "examenes.opcionderespuesta", "pk": 167, "fields": {"pregunta": 56, "texto": "Psicológica", "es_correcta": true}}, {"model": "examenes.opcionderespuesta", "pk": 168, "fields": {"pregunta": 56, "texto": "Social", "es_correcta": false}}, {"model": "examenes.opcionderespuesta", "pk": 169, "fields": {"pregunta": 57, "texto": "modelo de empowerment", "es_correcta": true}}, {"model": "examenes.opcionderespuesta", "pk": 170, "fields": {"pregunta": 57, "texto": "ninguno", "es_correcta": false}}, {"model": "examenes.opcionderespuesta", "pk": 171, "fields": {"pregunta": 57, "texto": "modelo de redes sociales y apoyo social", "es_correcta": false}}, {"model": "examenes.opcionderespuesta", "pk": 172, "fields": {"pregunta": 58, "texto": "prevenir el comienzo de conductas específicas mal-adaptativas y facilitar el \ndesarrollo y el ajuste personal", "es_correcta": false}}, {"model": "examenes.opcionderespuesta", "pk": 173, "fields": {"pregunta": 58, "texto": "optimizar las redes de apoyo social, tanto naturales como organizadas", "es_correcta": true}}, {"model": "examenes.opcionderespuesta", "pk": 174, "fields": {"pregunta": 58, "texto": "garantizar que las personas hagan uso de los servicios de salud con regularidad \npara prevenir la enfermedad y promocionar la salud", "es_correcta": false}}, {"model": "examenes.opcionderespuesta", "pk": 175, "fields": {"pregunta": 59, "texto": "El ecosistema", "es_correcta": true}}, {"model": "examenes.opcionderespuesta", "pk": 176, "fields": {"pregunta": 59, "texto": "La institución", "es_correcta": false}}, {"model": "examenes.opcionderespuesta", "pk": 177, "fields": {"pregunta": 59, "texto": "La organización", "es_correcta": false}}, {"model": "examenes.opcionderespuesta", "pk": 178, "fields": {"pregunta": 60, "texto": "normativas", "es_correcta": true}}, {"model": "examenes.opcionderespuesta", "pk": 179, "fields": {"pregunta": 60, "texto": "subjetivas", "es_correcta": false}}, {"model": "examenes.opcionderespuesta", "pk": 180, "fields": {"pregunta": 60, "texto": "expresadas", "es_correcta": false}}, {"model": "examenes.opcionderespuesta", "pk": 181, "fields": {"pregunta": 61, "texto": "situación", "es_correcta": true}}, {"model": "examenes.opcionderespuesta", "pk": 182, "fields": {"pregunta": 61, "texto": "posición", "es_correcta": false}}, {"model": "examenes.opcionderespuesta", "pk": 183, "fields": {"pregunta": 61, "texto": "norma subjetiva", "es_correcta": false}}, {"model": "examenes.opcionderespuesta", "pk": 184, "fields": {"pregunta": 62, "texto": "Prolongados en el tiempo ( en cantidad y calidad)", "es_correcta": false}}, {"model": "examenes.opcionderespuesta", "pk": 185, "fields": {"pregunta": 62, "texto": "dirigidos a los diferentes sistemas en los que está incluidos el individuo (familia, \nescuela, iguales, etc.)", "es_correcta": true}}, {"model": "examenes.opcionderespuesta", "pk": 186, "fields": {"pregunta": 62, "texto": "cerrado en períodos evolutivos críticos del individuo", "es_correcta": false}}, {"model": "examenes.opcionderespuesta", "pk": 187, "fields": {"pregunta": 63, "texto": "implementación", "es_correcta": true}}, {"model": "examenes.opcionderespuesta", "pk": 188, "fields": {"pregunta": 63, "texto": "evaluabilidad", "es_correcta": false}}, {"model": "examenes.opcionderespuesta", "pk": 189, "fields": {"pregunta": 63, "texto": "eficacia", "es_correcta": false}}, {"model": "examenes.opcionderespuesta", "pk": 190, "fields": {"pregunta": 64, "texto": "texto", "es_correcta": false}}, {"model": "examenes.opcionderespuesta", "pk": 191, "fields": {"pregunta": 64, "texto": "elementos o subsistemas", "es_correcta": true}}, {"model": "examenes.opcionderespuesta", "pk": 192, "fields": {"pregunta": 64, "texto": "suprasistema", "es_correcta": false}}, {"model": "examenes.opcionderespuesta", "pk": 193, "fields": {"pregunta": 65, "texto": "coste/beneficio", "es_correcta": false}}, {"model": "examenes.opcionderespuesta", "pk": 194, "fields": {"pregunta": 65, "texto": "coste/efectividad y coste/utilidad", "es_correcta": false}}, {"model": "examenes.opcionderespuesta", "pk": 195, "fields": {"pregunta": 65, "texto": "ambas son correctas", "es_correcta": true}}, {"model": "examenes.opcionderespuesta", "pk": 196, "fields": {"pregunta": 66, "texto": "psicoeducativo", "es_correcta": false}}, {"model": "examenes.opcionderespuesta", "pk": 197, "fields": {"pregunta": 66, "texto": "psicoclínico", "es_correcta": true}}, {"model": "examenes.opcionderespuesta", "pk": 198, "fields": {"pregunta": 66, "texto": "psicosocial", "es_correcta": false}}, {"model": "examenes.opcionderespuesta", "pk": 199, "fields": {"pregunta": 67, "texto": "Cobertura", "es_correcta": true}}, {"model": "examenes.opcionderespuesta", "pk": 200, "fields": {"pregunta": 67, "texto": "implementación", "es_correcta": false}}, {"model": "examenes.opcionderespuesta", "pk": 201, "fields": {"pregunta": 67, "texto": "impacto", "es_correcta": false}}, {"model": "examenes.opcionderespuesta", "pk": 202, "fields": {"pregunta": 68, "texto": "subsistema vertical", "es_correcta": false}}, {"model": "examenes.opcionderespuesta", "pk": 203, "fields": {"pregunta": 68, "texto": "subsistema horizontal", "es_correcta": true}}, {"model": "examenes.opcionderespuesta", "pk": 204, "fields": {"pregunta": 68, "texto": "subsistema transversal", "es_correcta": false}}, {"model": "examenes.opcionderespuesta", "pk": 205, "fields": {"pregunta": 69, "texto": "La indagación", "es_correcta": true}}, {"model": "examenes.opcionderespuesta", "pk": 206, "fields": {"pregunta": 69, "texto": "La reflexividad", "es_correcta": false}}, {"model": "examenes.opcionderespuesta", "pk": 207, "fields": {"pregunta": 69, "texto": "el feedback consciente", "es_correcta": false}}, {"model": "examenes.opcionderespuesta", "pk": 208, "fields": {"pregunta": 70, "texto": "una sustitución de términos como \"cliente\" y \"experto\", por los de \"participante\" y \n\"colaborador\"", "es_correcta": false}}, {"model": "examenes.opcionderespuesta", "pk": 209, "fields": {"pregunta": 70, "texto": "todos son sujetos y objetos de investigación, tanto el profesional como los \nparticipantes", "es_correcta": false}}, {"model": "examenes.opcionderespuesta", "pk": 210, "fields": {"pregunta": 70, "texto": "ambas son correctas", "es_correcta": true}}, {"model": "examenes.opcionderespuesta", "pk": 211, "fields": {"pregunta": 71, "texto": "Expresada", "es_correcta": true}}, {"model": "examenes.opcionderespuesta", "pk": 212, "fields": {"pregunta": 71, "texto": "Subjetiva", "es_correcta": false}}, {"model": "examenes.opcionderespuesta", "pk": 213, "fields": {"pregunta": 71, "texto": "Objetiva", "es_correcta": false}}, {"model": "examenes.opcionderespuesta", "pk": 214, "fields": {"pregunta": 72, "texto": "Contenido de la red social", "es_correcta": true}}, {"model": "examenes.opcionderespuesta", "pk": 215, "fields": {"pregunta": 72, "texto": "estructura de la red social", "es_correcta": false}}, {"model": "examenes.opcionderespuesta", "pk": 216, "fields": {"pregunta": 72, "texto": "función de la red social", "es_correcta": false}}, {"model": "examenes.opcionderespuesta", "pk": 217, "fields": {"pregunta": 73, "texto": "La fase del proceso de estrés en que se encuentre", "es_correcta": false}}, {"model": "examenes.opcionderespuesta", "pk": 218, "fields": {"pregunta": 73, "texto": "Las posibles respuestas el sujeto", "es_correcta": false}}, {"model": "examenes.opcionderespuesta", "pk": 219, "fields": {"pregunta": 73, "texto": "ambas son correctas", "es_correcta": true}}, {"model": "examenes.opcionderespuesta", "pk": 220, "fields": {"pregunta": 74, "texto": "Expresión de sentimientos", "es_correcta": false}}, {"model": "examenes.opcionderespuesta", "pk": 221, "fields": {"pregunta": 74, "texto": "Guía de socialización", "es_correcta": false}}, {"model": "examenes.opcionderespuesta", "pk": 222, "fields": {"pregunta": 74, "texto": "Ambas respuestas son correctas", "es_correcta": true}}, {"model": "examenes.opcionderespuesta", "pk": 223, "fields": {"pregunta": 75, "texto": "monitorización", "es_correcta": true}}, {"model": "examenes.opcionderespuesta", "pk": 224, "fields": {"pregunta": 75, "texto": "implementación", "es_correcta": false}}, {"model": "examenes.opcionderespuesta", "pk": 225, "fields": {"pregunta": 75, "texto": "eficiencia.", "es_correcta": false}}, {"model": "examenes.opcionderespuesta", "pk": 226, "fields": {"pregunta": 76, "texto": "Teoría y práctica mantienen una relación bidireccional", "es_correcta": false}}, {"model": "examenes.opcionderespuesta", "pk": 227, "fields": {"pregunta": 76, "texto": "Se debe seguir un ciclo continuo de planificación, acción y recogida de datos", "es_correcta": false}}, {"model": "examenes.opcionderespuesta", "pk": 228, "fields": {"pregunta": 76, "texto": "ambas son ideas de Kurt Lewin.", "es_correcta": true}}, {"model": "examenes.opcionderespuesta", "pk": 229, "fields": {"pregunta": 77, "texto": "evaluación de las necesidades, la planificación de la intervención, la implementación \ndel programa y la evaluación de resultados.", "es_correcta": false}}, {"model": "examenes.opcionderespuesta", "pk": 230, "fields": {"pregunta": 77, "texto": "condiciones, las actividades, los resultados y el impacto.", "es_correcta": true}}, {"model": "examenes.opcionderespuesta", "pk": 231, "fields": {"pregunta": 77, "texto": "la determinación de objetivos, el establecimiento de acciones y la obtención \nde recursos.", "es_correcta": false}}, {"model": "examenes.opcionderespuesta", "pk": 232, "fields": {"pregunta": 78, "texto": "educativa", "es_correcta": true}}, {"model": "examenes.opcionderespuesta", "pk": 233, "fields": {"pregunta": 78, "texto": "contextual", "es_correcta": false}}, {"model": "examenes.opcionderespuesta", "pk": 234, "fields": {"pregunta": 78, "texto": "de animación.", "es_correcta": false}}, {"model": "examenes.opcionderespuesta", "pk": 235, "fields": {"pregunta": 79, "texto": "seriada", "es_correcta": false}}, {"model": "examenes.opcionderespuesta", "pk": 236, "fields": {"pregunta": 79, "texto": "organizacional", "es_correcta": true}}, {"model": "examenes.opcionderespuesta", "pk": 237, "fields": {"pregunta": 79, "texto": "de servicios", "es_correcta": false}}, {"model": "examenes.opcionderespuesta", "pk": 238, "fields": {"pregunta": 80, "texto": "una conducta transversal", "es_correcta": false}}, {"model": "examenes.opcionderespuesta", "pk": 239, "fields": {"pregunta": 80, "texto": "un patrón conductual", "es_correcta": true}}, {"model": "examenes.opcionderespuesta", "pk": 240, "fields": {"pregunta": 80, "texto": "Una conducta discriminativa.", "es_correcta": false}}, {"model": "examenes.opcionderespuesta", "pk": 241, "fields": {"pregunta": 81, "texto": "psicosocial", "es_correcta": false}}, {"model": "examenes.opcionderespuesta", "pk": 242, "fields": {"pregunta": 81, "texto": "sociológica", "es_correcta": true}}, {"model": "examenes.opcionderespuesta", "pk": 243, "fields": {"pregunta": 81, "texto": "psicológica", "es_correcta": false}}, {"model": "examenes.opcionderespuesta", "pk": 244, "fields": {"pregunta": 82, "texto": "evaluación del diseño y de los procesos", "es_correcta": true}}, {"model": "examenes.opcionderespuesta", "pk": 245, "fields": {"pregunta": 82, "texto": "evaluación de la eficacia y la eficiencia", "es_correcta": false}}, {"model": "examenes.opcionderespuesta", "pk": 246, "fields": {"pregunta": 82, "texto": "evaluación de la implementación y del efecto", "es_correcta": false}}, {"model": "examenes.opcionderespuesta", "pk": 247, "fields": {"pregunta": 83, "texto": "aprendizaje cooperativo", "es_correcta": true}}, {"model": "examenes.opcionderespuesta", "pk": 248, "fields": {"pregunta": 83, "texto": "Entrenamiento en habilidades sociales", "es_correcta": false}}, {"model": "examenes.opcionderespuesta", "pk": 249, "fields": {"pregunta": 83, "texto": "Cambio de la dimensión cognitiva del prejuicio", "es_correcta": false}}, {"model": "examenes.opcionderespuesta", "pk": 250, "fields": {"pregunta": 84, "texto": "analítica", "es_correcta": false}}, {"model": "examenes.opcionderespuesta", "pk": 251, "fields": {"pregunta": 84, "texto": "orientadas a la acción", "es_correcta": true}}, {"model": "examenes.opcionderespuesta", "pk": 252, "fields": {"pregunta": 84, "texto": "ninguna de las anteriores", "es_correcta": false}}, {"model": "examenes.opcionderespuesta", "pk": 253, "fields": {"pregunta": 85, "texto": "del texto en el elemento", "es_correcta": false}}, {"model": "examenes.opcionderespuesta", "pk": 254, "fields": {"pregunta": 85, "texto": "de los mediadores sociológicos en los mediadores psicológicos", "es_correcta": false}}, {"model": "examenes.opcionderespuesta", "pk": 255, "fields": {"pregunta": 85, "texto": "del supracontexto socioeconómico en el sistema y medio social.", "es_correcta": true}}, {"model": "examenes.opcionderespuesta", "pk": 256, "fields": {"pregunta": 86, "texto": "la estructura y organización de los mediadores sociales ( familia, escuela, etc)", "es_correcta": true}}, {"model": "examenes.opcionderespuesta", "pk": 257, "fields": {"pregunta": 86, "texto": "las costumbres que adoptan las personas en su medio social", "es_correcta": false}}, {"model": "examenes.opcionderespuesta", "pk": 258, "fields": {"pregunta": 86, "texto": "la ideología o valores compartidos por el colectivo humano", "es_correcta": false}}, {"model": "examenes.opcionderespuesta", "pk": 259, "fields": {"pregunta": 87, "texto": "natural", "es_correcta": false}}, {"model": "examenes.opcionderespuesta", "pk": 260, "fields": {"pregunta": 87, "texto": "planificado", "es_correcta": true}}, {"model": "examenes.opcionderespuesta", "pk": 261, "fields": {"pregunta": 87, "texto": "sintético", "es_correcta": false}}, {"model": "examenes.opcionderespuesta", "pk": 262, "fields": {"pregunta": 88, "texto": "psicológico", "es_correcta": false}}, {"model": "examenes.opcionderespuesta", "pk": 263, "fields": {"pregunta": 88, "texto": "sociológico", "es_correcta": true}}, {"model": "examenes.opcionderespuesta", "pk": 264, "fields": {"pregunta": 88, "texto": "psicosocial", "es_correcta": false}}, {"model": "examenes.opcionderespuesta", "pk": 265, "fields": {"pregunta": 89, "texto": "Verdadero", "es_correcta": false}}, {"model": "examenes.opcionderespuesta", "pk": 266, "fields": {"pregunta": 89, "texto": "Falso", "es_correcta": true}}, {"model": "examenes.opcionderespuesta", "pk": 267, "fields": {"pregunta": 90, "texto": "Verdadero", "es_correcta": false}}, {"model": "examenes.opcionderespuesta", "pk": 268, "fields": {"pregunta": 90, "texto": "Falso", "es_correcta": true}}, {"model": "examenes.opcionderespuesta", "pk": 269, "fields": {"pregunta": 91, "texto": "Verdadero", "es_correcta": false}}, {"model": "examenes.opcionderespuesta", "pk": 270, "fields": {"pregunta": 91, "texto": "Falso", "es_correcta": true}}, {"model": "examenes.opcionderespuesta", "pk": 271, "fields": {"pregunta": 92, "texto": "Verdadero", "es_correcta": false}}, {"model": "examenes.opcionderespuesta", "pk": 272, "fields": {"pregunta": 92, "texto": "Falso", "es_correcta": true}}, {"model": "examenes.opcionderespuesta", "pk": 273, "fields": {"pregunta": 93, "texto": "Verdadero", "es_correcta": false}}, {"model": "examenes.opcionderespuesta", "pk": 274, "fields": {"pregunta": 93, "texto": "Falso", "es_correcta": true}}, {"model": "examenes.opcionderespuesta", "pk": 275, "fields": {"pregunta": 94, "texto": "Verdadero", "es_correcta": false}}, {"model": "examenes.opcionderespuesta", "pk": 276, "fields": {"pregunta": 94, "texto": "Falso", "es_correcta": true}}, {"model": "examenes.opcionderespuesta", "pk": 277, "fields": {"pregunta": 95, "texto": "Verdadero", "es_correcta": false}}, {"model": "examenes.opcionderespuesta", "pk": 278, "fields": {"pregunta": 95, "texto": "Falso", "es_correcta": true}}, {"model": "examenes.opcionderespuesta", "pk": 279, "fields": {"pregunta": 96, "texto": "Verdadero", "es_correcta": false}}, {"model": "examenes.opcionderespuesta", "pk": 280, "fields": {"pregunta": 96, "texto": "Falso", "es_correcta": true}}, {"model": "examenes.opcionderespuesta", "pk": 281, "fields": {"pregunta": 97, "texto": "Verdadero", "es_correcta": true}}, {"model": "examenes.opcionderespuesta", "pk": 282, "fields": {"pregunta": 97, "texto": "Falso", "es_correcta": false}}, {"model": "examenes.opcionderespuesta", "pk": 283, "fields": {"pregunta": 98, "texto": "Verdadero", "es_correcta": true}}, {"model": "examenes.opcionderespuesta", "pk": 284, "fields": {"pregunta": 98, "texto": "Falso", "es_correcta": false}}, {"model": "examenes.opcionderespuesta", "pk": 285, "fields": {"pregunta": 99, "texto": "Verdadero", "es_correcta": true}}, {"model": "examenes.opcionderespuesta", "pk": 286, "fields": {"pregunta": 99, "texto": "Falso", "es_correcta": false}}, {"model": "examenes.opcionderespuesta", "pk": 287, "fields": {"pregunta": 100, "texto": "Verdadero", "es_correcta": true}}, {"model": "examenes.opcionderespuesta", "pk": 288, "fields": {"pregunta": 100, "texto": "Falso", "es_correcta": false}}, {"model": "examenes.opcionderespuesta", "pk": 289, "fields": {"pregunta": 101, "texto": "Verdadero", "es_correcta": true}}, {"model": "examenes.opcionderespuesta", "pk": 290, "fields": {"pregunta": 101, "texto": "Falso", "es_correcta": false}}, {"model": "examenes.opcionderespuesta", "pk": 291, "fields": {"pregunta": 102, "texto": "Verdadero", "es_correcta": true}}, {"model": "examenes.opcionderespuesta", "pk": 292, "fields": {"pregunta": 102, "texto": "Falso", "es_correcta": false}}, {"model": "examenes.opcionderespuesta", "pk": 293, "fields": {"pregunta": 103, "texto": "Verdadero", "es_correcta": true}}, {"model": "examenes.opcionderespuesta", "pk": 294, "fields": {"pregunta": 103, "texto": "Falso", "es_correcta": false}}, {"model": "examenes.opcionderespuesta", "pk": 295, "fields": {"pregunta": 104, "texto": "Verdadero", "es_correcta": true}}, {"model": "examenes.opcionderespuesta", "pk": 296, "fields": {"pregunta": 104, "texto": "Falso", "es_correcta": false}}, {"model": "examenes.opcionderespuesta", "pk": 297, "fields": {"pregunta": 105, "texto": "Verdadero", "es_correcta": false}}, {"model": "examenes.opcionderespuesta", "pk": 298, "fields": {"pregunta": 105, "texto": "Falso", "es_correcta": true}}, {"model": "examenes.opcionderespuesta", "pk": 299, "fields": {"pregunta": 106, "texto": "Verdadero", "es_correcta": false}}, {"model": "examenes.opcionderespuesta", "pk": 300, "fields": {"pregunta": 106, "texto": "Falso", "es_correcta": true}}, {"model": "examenes.opcionderespuesta", "pk": 301, "fields": {"pregunta": 107, "texto": "Verdadero", "es_correcta": false}}, {"model": "examenes.opcionderespuesta", "pk": 302, "fields": {"pregunta": 107, "texto": "Falso", "es_correcta": true}}, {"model": "examenes.opcionderespuesta", "pk": 303, "fields": {"pregunta": 108, "texto": "Verdadero", "es_correcta": false}}, {"model": "examenes.opcionderespuesta", "pk": 304, "fields": {"pregunta": 108, "texto": "Falso", "es_correcta": true}}, {"model": "examenes.opcionderespuesta", "pk": 305, "fields": {"pregunta": 109, "texto": "Verdadero", "es_correcta": false}}, {"model": "examenes.opcionderespuesta", "pk": 306, "fields": {"pregunta": 109, "texto": "Falso", "es_correcta": true}}, {"model": "examenes.opcionderespuesta", "pk": 307, "fields": {"pregunta": 110, "texto": "Verdadero", "es_correcta": true}}, {"model": "examenes.opcionderespuesta", "pk": 308, "fields": {"pregunta": 110, "texto": "Falso", "es_correcta": false}}, {"model": "examenes.opcionderespuesta", "pk": 309, "fields": {"pregunta": 111, "texto": "Verdadero", "es_correcta": false}}, {"model": "examenes.opcionderespuesta", "pk": 310, "fields": {"pregunta": 111, "texto": "Falso", "es_correcta": true}}, {"model": "examenes.opcionderespuesta", "pk": 311, "fields": {"pregunta": 112, "texto": "Verdadero", "es_correcta": true}}, {"model": "examenes.opcionderespuesta", "pk": 312, "fields": {"pregunta": 112, "texto": "Falso", "es_correcta": false}}, {"model": "examenes.opcionderespuesta", "pk": 313, "fields": {"pregunta": 113, "texto": "Verdadero", "es_correcta": false}}, {"model": "examenes.opcionderespuesta", "pk": 314, "fields": {"pregunta": 113, "texto": "Falso", "es_correcta": true}}, {"model": "examenes.opcionderespuesta", "pk": 315, "fields": {"pregunta": 114, "texto": "Verdadero", "es_correcta": true}}, {"model": "examenes.opcionderespuesta", "pk": 316, "fields": {"pregunta": 114, "texto": "Falso", "es_correcta": false}}, {"model": "examenes.opcionderespuesta", "pk": 317, "fields": {"pregunta": 115, "texto": "Verdadero", "es_correcta": true}}, {"model": "examenes.opcionderespuesta", "pk": 318, "fields": {"pregunta": 115, "texto": "Falso", "es_correcta": false}}, {"model": "examenes.opcionderespuesta", "pk": 319, "fields": {"pregunta": 116, "texto": "Verdadero", "es_correcta": false}}, {"model": "examenes.opcionderespuesta", "pk": 320, "fields": {"pregunta": 116, "texto": "Falso", "es_correcta": true}}, {"model": "examenes.opcionderespuesta", "pk": 321, "fields": {"pregunta": 117, "texto": "Verdadero", "es_correcta": true}}, {"model": "examenes.opcionderespuesta", "pk": 322, "fields": {"pregunta": 117, "texto": "Falso", "es_correcta": false}}, {"model": "examenes.opcionderespuesta", "pk": 323, "fields": {"pregunta": 118, "texto": "Verdadero", "es_correcta": true}}, {"model": "examenes.opcionderespuesta", "pk": 324, "fields": {"pregunta": 118, "texto": "Falso", "es_correcta": false}}, {"model": "examenes.opcionderespuesta", "pk": 325, "fields": {"pregunta": 119, "texto": "Verdadero", "es_correcta": true}}, {"model": "examenes.opcionderespuesta", "pk": 326, "fields": {"pregunta": 119, "texto": "Falso", "es_correcta": false}}, {"model": "examenes.opcionderespuesta", "pk": 327, "fields": {"pregunta": 120, "texto": "Verdadero", "es_correcta": false}}, {"model": "examenes.opcionderespuesta", "pk": 328, "fields": {"pregunta": 120, "texto": "Falso", "es_correcta": true}}, {"model": "examenes.opcionderespuesta", "pk": 329, "fields": {"pregunta": 121, "texto": "Verdadero", "es_correcta": true}}, {"model": "examenes.opcionderespuesta", "pk": 330, "fields": {"pregunta": 121, "texto": "Falso", "es_correcta": false}}, {"model": "examenes.opcionderespuesta", "pk": 331, "fields": {"pregunta": 122, "texto": "Verdadero", "es_correcta": false}}, {"model": "examenes.opcionderespuesta", "pk": 332, "fields": {"pregunta": 122, "texto": "Falso", "es_correcta": true}}, {"model": "examenes.opcionderespuesta", "pk": 333, "fields": {"pregunta": 123, "texto": "Verdadero", "es_correcta": true}}, {"model": "examenes.opcionderespuesta", "pk": 334, "fields": {"pregunta": 123, "texto": "Falso", "es_correcta": false}}, {"model": "examenes.opcionderespuesta", "pk": 335, "fields": {"pregunta": 124, "texto": "Verdadero", "es_correcta": false}}, {"model": "examenes.opcionderespuesta", "pk": 336, "fields": {"pregunta": 124, "texto": "Falso", "es_correcta": true}}, {"model": "examenes.opcionderespuesta", "pk": 337, "fields": {"pregunta": 125, "texto": "Verdadero", "es_correcta": true}}, {"model": "examenes.opcionderespuesta", "pk": 338, "fields": {"pregunta": 125, "texto": "Falso", "es_correcta": false}}, {"model": "examenes.opcionderespuesta", "pk": 339, "fields": {"pregunta": 126, "texto": "Verdadero", "es_correcta": false}}, {"model": "examenes.opcionderespuesta", "pk": 340, "fields": {"pregunta": 126, "texto": "Falso", "es_correcta": true}}, {"model": "examenes.opcionderespuesta", "pk": 341, "fields": {"pregunta": 127, "texto": "Verdadero", "es_correcta": true}}, {"model": "examenes.opcionderespuesta", "pk": 342, "fields": {"pregunta": 127, "texto": "Falso", "es_correcta": false}}, {"model": "examenes.opcionderespuesta", "pk": 343, "fields": {"pregunta": 128, "texto": "Verdadero", "es_correcta": true}}, {"model": "examenes.opcionderespuesta", "pk": 344, "fields": {"pregunta": 128, "texto": "Falso", "es_correcta": false}}, {"model": "examenes.opcionderespuesta", "pk": 345, "fields": {"pregunta": 129, "texto": "Verdadero", "es_correcta": false}}, {"model": "examenes.opcionderespuesta", "pk": 346, "fields": {"pregunta": 129, "texto": "Falso", "es_correcta": true}}, {"model": "examenes.opcionderespuesta", "pk": 347, "fields": {"pregunta": 130, "texto": "Verdadero", "es_correcta": false}}, {"model": "examenes.opcionderespuesta", "pk": 348, "fields": {"pregunta": 130, "texto": "Falso", "es_correcta": true}}, {"model": "examenes.opcionderespuesta", "pk": 349, "fields": {"pregunta": 131, "texto": "Verdadero", "es_correcta": false}}, {"model": "examenes.opcionderespuesta", "pk": 350, "fields": {"pregunta": 131, "texto": "Falso", "es_correcta": true}}, {"model": "examenes.opcionderespuesta", "pk": 351, "fields": {"pregunta": 132, "texto": "Verdadero", "es_correcta": false}}, {"model": "examenes.opcionderespuesta", "pk": 352, "fields": {"pregunta": 132, "texto": "Falso", "es_correcta": true}}, {"model": "examenes.opcionderespuesta", "pk": 353, "fields": {"pregunta": 133, "texto": "Verdadero", "es_correcta": true}}, {"model": "examenes.opcionderespuesta", "pk": 354, "fields": {"pregunta": 133, "texto": "Falso", "es_correcta": false}}, {"model": "examenes.opcionderespuesta", "pk": 355, "fields": {"pregunta": 134, "texto": "Verdadero", "es_correcta": true}}, {"model": "examenes.opcionderespuesta", "pk": 356, "fields": {"pregunta": 134, "texto": "Falso", "es_correcta": false}}, {"model": "examenes.opcionderespuesta", "pk": 357, "fields": {"pregunta": 135, "texto": "Verdadero", "es_correcta": false}}, {"model": "examenes.opcionderespuesta", "pk": 358, "fields": {"pregunta": 135, "texto": "Falso", "es_correcta": true}}, {"model": "examenes.opcionderespuesta", "pk": 359, "fields": {"pregunta": 136, "texto": "Verdadero", "es_correcta": false}}, {"model": "examenes.opcionderespuesta", "pk": 360, "fields": {"pregunta": 136, "texto": "Falso", "es_correcta": true}}, {"model": "examenes.opcionderespuesta", "pk": 361, "fields": {"pregunta": 137, "texto": "Verdadero", "es_correcta": false}}, {"model": "examenes.opcionderespuesta", "pk": 362, "fields": {"pregunta": 137, "texto": "Falso", "es_correcta": true}}, {"model": "examenes.opcionderespuesta", "pk": 363, "fields": {"pregunta": 138, "texto": "Verdadero", "es_correcta": false}}, {"model": "examenes.opcionderespuesta", "pk": 364, "fields": {"pregunta": 138, "texto": "Falso", "es_correcta": true}}, {"model": "examenes.opcionderespuesta", "pk": 365, "fields": {"pregunta": 139, "texto": "Verdadero", "es_correcta": true}}, {"model": "examenes.opcionderespuesta", "pk": 366, "fields": {"pregunta": 139, "texto": "Falso", "es_correcta": false}}, {"model": "examenes.opcionderespuesta", "pk": 367, "fields": {"pregunta": 140, "texto": "Verdadero", "es_correcta": false}}, {"model": "examenes.opcionderespuesta", "pk": 368, "fields": {"pregunta": 140, "texto": "Falso", "es_correcta": true}}, {"model": "examenes.opcionderespuesta", "pk": 369, "fields": {"pregunta": 141, "texto": "Verdadero", "es_correcta": false}}, {"model": "examenes.opcionderespuesta", "pk": 370, "fields": {"pregunta": 141, "texto": "Falso", "es_correcta": true}}, {"model": "examenes.opcionderespuesta", "pk": 371, "fields": {"pregunta": 142, "texto": "Verdadero", "es_correcta": true}}, {"model": "examenes.opcionderespuesta", "pk": 372, "fields": {"pregunta": 142, "texto": "Falso", "es_correcta": false}}, {"model": "examenes.opcionderespuesta", "pk": 373, "fields": {"pregunta": 143, "texto": "Verdadero", "es_correcta": true}}, {"model": "examenes.opcionderespuesta", "pk": 374, "fields": {"pregunta": 143, "texto": "Falso", "es_correcta": false}}, {"model": "examenes.opcionderespuesta", "pk": 375, "fields": {"pregunta": 144, "texto": "Verdadero", "es_correcta": false}}, {"model": "examenes.opcionderespuesta", "pk": 376, "fields": {"pregunta": 144, "texto": "Falso", "es_correcta": true}}, {"model": "examenes.opcionderespuesta", "pk": 377, "fields": {"pregunta": 145, "texto": "Verdadero", "es_correcta": true}}, {"model": "examenes.opcionderespuesta", "pk": 378, "fields": {"pregunta": 145, "texto": "Falso", "es_correcta": false}}, {"model": "examenes.opcionderespuesta", "pk": 379, "fields": {"pregunta": 146, "texto": "Verdadero", "es_correcta": false}}, {"model": "examenes.opcionderespuesta", "pk": 380, "fields": {"pregunta": 146, "texto": "Falso", "es_correcta": true}}, {"model": "examenes.opcionderespuesta", "pk": 381, "fields": {"pregunta": 147, "texto": "Verdadero", "es_correcta": true}}, {"model": "examenes.opcionderespuesta", "pk": 382, "fields": {"pregunta": 147, "texto": "Falso", "es_correcta": false}}, {"model": "examenes.opcionderespuesta", "pk": 383, "fields": {"pregunta": 148, "texto": "Verdadero", "es_correcta": false}}, {"model": "examenes.opcionderespuesta", "pk": 384, "fields": {"pregunta": 148, "texto": "Falso", "es_correcta": true}}, {"model": "examenes.opcionderespuesta", "pk": 385, "fields": {"pregunta": 149, "texto": "Verdadero", "es_correcta": true}}, {"model": "examenes.opcionderespuesta", "pk": 386, "fields": {"pregunta": 149, "texto": "Falso", "es_correcta": false}}, {"model": "examenes.opcionderespuesta", "pk": 387, "fields": {"pregunta": 150, "texto": "Verdadero", "es_correcta": false}}, {"model": "examenes.opcionderespuesta", "pk": 388, "fields": {"pregunta": 150, "texto": "Falso", "es_correcta": true}}, {"model": "examenes.opcionderespuesta", "pk": 389, "fields": {"pregunta": 151, "texto": "Verdadero", "es_correcta": false}}, {"model": "examenes.opcionderespuesta", "pk": 390, "fields": {"pregunta": 151, "texto": "Falso", "es_correcta": true}}, {"model": "examenes.opcionderespuesta", "pk": 391, "fields": {"pregunta": 152, "texto": "Verdadero", "es_correcta": false}}, {"model": "examenes.opcionderespuesta", "pk": 392, "fields": {"pregunta": 152, "texto": "Falso", "es_correcta": true}}, {"model": "examenes.opcionderespuesta", "pk": 393, "fields": {"pregunta": 153, "texto": "Verdadero", "es_correcta": false}}, {"model": "examenes.opcionderespuesta", "pk": 394, "fields": {"pregunta": 153, "texto": "Falso", "es_correcta": true}}, {"model": "examenes.opcionderespuesta", "pk": 395, "fields": {"pregunta": 154, "texto": "Verdadero", "es_correcta": false}}, {"model": "examenes.opcionderespuesta", "pk": 396, "fields": {"pregunta": 154, "texto": "Falso", "es_correcta": true}}, {"model": "examenes.opcionderespuesta", "pk": 397, "fields": {"pregunta": 155, "texto": "Verdadero", "es_correcta": false}}, {"model": "examenes.opcionderespuesta", "pk": 398, "fields": {"pregunta": 155, "texto": "Falso", "es_correcta": true}}, {"model": "examenes.opcionderespuesta", "pk": 399, "fields": {"pregunta": 156, "texto": "Verdadero", "es_correcta": true}}, {"model": "examenes.opcionderespuesta", "pk": 400, "fields": {"pregunta": 156, "texto": "Falso", "es_correcta": false}}, {"model": "examenes.opcionderespuesta", "pk": 401, "fields": {"pregunta": 157, "texto": "Verdadero", "es_correcta": true}}, {"model": "examenes.opcionderespuesta", "pk": 402, "fields": {"pregunta": 157, "texto": "Falso", "es_correcta": false}}, {"model": "examenes.opcionderespuesta", "pk": 403, "fields": {"pregunta": 158, "texto": "Verdadero", "es_correcta": false}}, {"model": "examenes.opcionderespuesta", "pk": 404, "fields": {"pregunta": 158, "texto": "Falso", "es_correcta": true}}, {"model": "examenes.opcionderespuesta", "pk": 405, "fields": {"pregunta": 159, "texto": "Verdadero", "es_correcta": false}}, {"model": "examenes.opcionderespuesta", "pk": 406, "fields": {"pregunta": 159, "texto": "Falso", "es_correcta": true}}, {"model": "examenes.opcionderespuesta", "pk": 407, "fields": {"pregunta": 160, "texto": "Verdadero", "es_correcta": true}}, {"model": "examenes.opcionderespuesta", "pk": 408, "fields": {"pregunta": 160, "texto": "Falso", "es_correcta": false}}, {"model": "examenes.opcionderespuesta", "pk": 409, "fields": {"pregunta": 161, "texto": "Verdadero", "es_correcta": false}}, {"model": "examenes.opcionderespuesta", "pk": 410, "fields": {"pregunta": 161, "texto": "Falso", "es_correcta": true}}, {"model": "examenes.opcionderespuesta", "pk": 411, "fields": {"pregunta": 162, "texto": "Verdadero", "es_correcta": true}}, {"model": "examenes.opcionderespuesta", "pk": 412, "fields": {"pregunta": 162, "texto": "Falso", "es_correcta": false}}, {"model": "examenes.opcionderespuesta", "pk": 413, "fields": {"pregunta": 163, "texto": "Verdadero", "es_correcta": false}}, {"model": "examenes.opcionderespuesta", "pk": 414, "fields": {"pregunta": 163, "texto": "Falso", "es_correcta": true}}, {"model": "examenes.opcionderespuesta", "pk": 415, "fields": {"pregunta": 164, "texto": "Identificación, diseño, ejecución y seguimiento, evaluación", "es_correcta": true}}, {"model": "examenes.opcionderespuesta", "pk": 416, "fields": {"pregunta": 164, "texto": "Identificación, diseño, ejecución y evaluación, seguimiento ", "es_correcta": false}}, {"model": "examenes.opcionderespuesta", "pk": 417, "fields": {"pregunta": 164, "texto": "Diseño, identificación, ejecución y seguimiento, evaluación", "es_correcta": false}}, {"model": "examenes.opcionderespuesta", "pk": 418, "fields": {"pregunta": 165, "texto": "Ajuste, cambio de situación y devolución", "es_correcta": false}}, {"model": "examenes.opcionderespuesta", "pk": 419, "fields": {"pregunta": 165, "texto": "Encargo, cambio de situación y devolución.", "es_correcta": true}}, {"model": "examenes.opcionderespuesta", "pk": 420, "fields": {"pregunta": 165, "texto": "Encargo, ajuste, cambio de situación y devolución.", "es_correcta": false}}, {"model": "examenes.opcionderespuesta", "pk": 421, "fields": {"pregunta": 166, "texto": "Favorable o desfavorable", "es_correcta": false}}, {"model": "examenes.opcionderespuesta", "pk": 422, "fields": {"pregunta": 166, "texto": "Muy favorable o poco favorable", "es_correcta": false}}, {"model": "examenes.opcionderespuesta", "pk": 423, "fields": {"pregunta": 166, "texto": "Un continuo que va desde muy favorable a desfavorable.", "es_correcta": true}}, {"model": "examenes.opcionderespuesta", "pk": 424, "fields": {"pregunta": 167, "texto": "Mejorar y perfeccionar el proyecto", "es_correcta": false}}, {"model": "examenes.opcionderespuesta", "pk": 425, "fields": {"pregunta": 167, "texto": "Facilitar el proceso de toma de decisiones", "es_correcta": false}}, {"model": "examenes.opcionderespuesta", "pk": 426, "fields": {"pregunta": 167, "texto": "Feedback con la población afectada (devolver información)", "es_correcta": true}}, {"model": "examenes.opcionderespuesta", "pk": 427, "fields": {"pregunta": 168, "texto": "El grado en el cual se alcanzan los objetivos y metas del proyecto en un tiempo determinado, independientemente de los costos que ello implique.", "es_correcta": true}}, {"model": "examenes.opcionderespuesta", "pk": 428, "fields": {"pregunta": 168, "texto": "El grado en el cual se alcanzan los objetivos y metas del proyecto en un tiempo determinado, teniendo en cuenta los costos que ello implique.", "es_correcta": false}}, {"model": "examenes.opcionderespuesta", "pk": 429, "fields": {"pregunta": 168, "texto": "La relación existente entre los resultados reales y los objetivos planificados. ", "es_correcta": false}}, {"model": "examenes.opcionderespuesta", "pk": 430, "fields": {"pregunta": 169, "texto": "La relación existente entre los resultados reales y los objetivos planificados, teniendo en cuenta los costos.", "es_correcta": false}}, {"model": "examenes.opcionderespuesta", "pk": 431, "fields": {"pregunta": 169, "texto": "El grado en el cual se alcanzan los objetivos y metas del proyecto en un tiempo determinado, teniendo en cuenta los costos que ello implique.", "es_correcta": false}}, {"model": "examenes.opcionderespuesta", "pk": 432, "fields": {"pregunta": 169, "texto": "La relación existente entre los resultados reales y los objetivos planificados.", "es_correcta": true}}, {"model": "examenes.opcionderespuesta", "pk": 433, "fields": {"pregunta": 170, "texto": "Posibilidad de llevar a cabo el proyecto reduciendo al máximo todos sus obstáculos y analizando si los destinatarios están dispuestos a asumir por ellos mismo los objetivos propuestos por el proyecto.", "es_correcta": false}}, {"model": "examenes.opcionderespuesta", "pk": 434, "fields": {"pregunta": 170, "texto": "Conocer tanto cualitativa como cuantitativamente la idoneidad de los recursos.", "es_correcta": true}}, {"model": "examenes.opcionderespuesta", "pk": 435, "fields": {"pregunta": 170, "texto": "Conocer en que medida el contexto es favorable, indiferente o contrario al proyecto.", "es_correcta": false}}, {"model": "examenes.opcionderespuesta", "pk": 436, "fields": {"pregunta": 171, "texto": "Medida en la cual un proyecto puede ser evaluado, lo cual depende en buena parte hasta qué punto ha sido bien diseñado, así como de las posibles barreras que dificulten la evaluación.", "es_correcta": true}}, {"model": "examenes.opcionderespuesta", "pk": 437, "fields": {"pregunta": 171, "texto": "Es una cuestión que siempre responde a la misma pregunta ¿se dan las condiciones necesarias para que los logros del proyecto se mantengan indefinidamente en el futuro? ", "es_correcta": false}}, {"model": "examenes.opcionderespuesta", "pk": 438, "fields": {"pregunta": 171, "texto": "Ninguna de las anteriores es correcta", "es_correcta": false}}, {"model": "examenes.opcionderespuesta", "pk": 439, "fields": {"pregunta": 172, "texto": "Se lleva a cabo durante la ejecución del proyecto para detectar cualquier problema que pueda provocar un funcionamiento inadecuado del proyecto.", "es_correcta": false}}, {"model": "examenes.opcionderespuesta", "pk": 440, "fields": {"pregunta": 172, "texto": "Evalúa la viabilidad del proyecto propuesto.", "es_correcta": false}}, {"model": "examenes.opcionderespuesta", "pk": 441, "fields": {"pregunta": 172, "texto": "Analiza los resultados obtenidos al finalizar el proyecto.", "es_correcta": true}}, {"model": "examenes.opcionderespuesta", "pk": 442, "fields": {"pregunta": 173, "texto": "Necesidad expresada", "es_correcta": true}}, {"model": "examenes.opcionderespuesta", "pk": 443, "fields": {"pregunta": 173, "texto": "Necesidad normativa", "es_correcta": false}}, {"model": "examenes.opcionderespuesta", "pk": 444, "fields": {"pregunta": 173, "texto": "Necesidad experimentada", "es_correcta": false}}, {"model": "examenes.opcionderespuesta", "pk": 445, "fields": {"pregunta": 174, "texto": "La teoría de la necesidad y la teoría del riesgo", "es_correcta": false}}, {"model": "examenes.opcionderespuesta", "pk": 446, "fields": {"pregunta": 174, "texto": "La teoría de la necesidad social, de la afección y del riesgo", "es_correcta": true}}, {"model": "examenes.opcionderespuesta", "pk": 447, "fields": {"pregunta": 174, "texto": "La teoría de la necesidad y la teoría de la carencia", "es_correcta": false}}, {"model": "examenes.opcionderespuesta", "pk": 448, "fields": {"pregunta": 175, "texto": "Proyecto de sensibilización", "es_correcta": false}}, {"model": "examenes.opcionderespuesta", "pk": 449, "fields": {"pregunta": 175, "texto": "Proyecto de animación sociocultural", "es_correcta": true}}, {"model": "examenes.opcionderespuesta", "pk": 450, "fields": {"pregunta": 175, "texto": "Proyecto de animación", "es_correcta": false}}, {"model": "examenes.opcionderespuesta", "pk": 451, "fields": {"pregunta": 176, "texto": "El encargo y la devolución", "es_correcta": true}}, {"model": "examenes.opcionderespuesta", "pk": 452, "fields": {"pregunta": 176, "texto": "El ajuste y la devolución", "es_correcta": false}}, {"model": "examenes.opcionderespuesta", "pk": 453, "fields": {"pregunta": 176, "texto": "El ajuste y el cambio de situación", "es_correcta": false}}, {"model": "examenes.opcionderespuesta", "pk": 454, "fields": {"pregunta": 177, "texto": "Memoria", "es_correcta": true}}, {"model": "examenes.opcionderespuesta", "pk": 455, "fields": {"pregunta": 177, "texto": "Informe científico", "es_correcta": false}}, {"model": "examenes.opcionderespuesta", "pk": 456, "fields": {"pregunta": 177, "texto": "Informativo o de sensibilización", "es_correcta": false}}, {"model": "examenes.opcionderespuesta", "pk": 457, "fields": {"pregunta": 178, "texto": "Las personas que sufren la carencia tienen el problema, pero no lo reconocen", "es_correcta": false}}, {"model": "examenes.opcionderespuesta", "pk": 458, "fields": {"pregunta": 178, "texto": "Las personas que sufren la carencia tienen el problema y lo reconocen", "es_correcta": true}}, {"model": "examenes.opcionderespuesta", "pk": 459, "fields": {"pregunta": 178, "texto": "Ninguna de las anteriores es correcta", "es_correcta": false}}, {"model": "examenes.opcionderespuesta", "pk": 460, "fields": {"pregunta": 179, "texto": "Muy eficaz ", "es_correcta": false}}, {"model": "examenes.opcionderespuesta", "pk": 461, "fields": {"pregunta": 179, "texto": "Poco eficaz", "es_correcta": false}}, {"model": "examenes.opcionderespuesta", "pk": 462, "fields": {"pregunta": 179, "texto": "Ineficaz", "es_correcta": true}}, {"model": "examenes.testrealizado", "pk": 1, "fields": {"fecha": "2024-01-25T01:12:14.246Z", "asignatura": 3, "tema": 3, "usuario": 1, "preguntas_correctas": 4, "preguntas_falladas": 8, "preguntas_no_contestadas": 3, "total_preguntas": 15}}, {"model": "examenes.respuestatest", "pk": 1, "fields": {"test_realizado": 1, "pregunta": 170, "respuesta_seleccionada": 433}}, {"model": "examenes.respuestatest", "pk": 2, "fields": {"test_realizado": 1, "pregunta": 172, "respuesta_seleccionada": 439}}, {"model": "examenes.respuestatest", "pk": 3, "fields": {"test_realizado": 1, "pregunta": 175, "respuesta_seleccionada": 449}}, {"model": "examenes.respuestatest", "pk": 4, "fields": {"test_realizado": 1, "pregunta": 171, "respuesta_seleccionada": 437}}, {"model": "examenes.respuestatest", "pk": 5, "fields": {"test_realizado": 1, "pregunta": 179, "respuesta_seleccionada": 462}}, {"model": "examenes.respuestatest", "pk": 6, "fields": {"test_realizado": 1, "pregunta": 165, "respuesta_seleccionada": 420}}, {"model": "examenes.respuestatest", "pk": 7, "fields": {"test_realizado": 1, "pregunta": 174, "respuesta_seleccionada": 446}}, {"model": "examenes.respuestatest", "pk": 8, "fields": {"test_realizado": 1, "pregunta": 178, "respuesta_seleccionada": 459}}, {"model": "examenes.respuestatest", "pk": 9, "fields": {"test_realizado": 1, "pregunta": 177, "respuesta_seleccionada": 454}}, {"model": "examenes.respuestatest", "pk": 10, "fields": {"test_realizado": 1, "pregunta": 176, "respuesta_seleccionada": 452}}, {"model": "examenes.respuestatest", "pk": 11, "fields": {"test_realizado": 1, "pregunta": 168, "respuesta_seleccionada": 429}}, {"model": "examenes.respuestatest", "pk": 12, "fields": {"test_realizado": 1, "pregunta": 164, "respuesta_seleccionada": 417}}, {"model": "examenes.respuestatest", "pk": 13, "fields": {"test_realizado": 1, "pregunta": 166, "respuesta_seleccionada": null}}, {"model": "examenes.respuestatest", "pk": 14, "fields": {"test_realizado": 1, "pregunta": 173, "respuesta_seleccionada": null}}, {"model": "examenes.respuestatest", "pk": 15, "fields": {"test_realizado": 1, "pregunta": 167, "respuesta_seleccionada": null}}]